baseline,baseline-CC,baseline-ACC,baseline-MS,baseline-DyS,real
1,1,1,1,1,1
0,0,0,0,0,0
0,0,0,0,0,0
0,0,0,0,0,0
0,0,1,1,1,1
0,0,0,0,0,0
1,1,1,1,1,1
1,1,1,1,1,1
0,0,1,1,1,0
0,0,0,0,0,0
0,0,0,0,0,0
0,0,0,0,0,0
0,0,0,0,0,0
0,0,0,0,0,0
1,1,1,1,1,1
0,0,0,0,0,0
1,1,1,1,1,1
0,0,0,0,0,0
0,0,0,0,0,0
0,0,0,0,0,0
0,0,0,0,0,0
0,0,0,0,0,0
1,1,1,1,1,0
0,0,0,0,0,0
0,0,0,0,0,0
0,0,0,0,0,0
0,0,0,0,1,0
1,1,1,1,1,0
0,0,0,0,0,0
1,1,1,1,1,1
1,1,1,1,1,1
0,0,0,0,0,0
1,1,1,1,1,0
1,1,1,1,1,1
0,0,0,0,0,1
0,0,0,0,0,0
0,0,0,0,0,0
1,1,0,1,1,0
0,0,0,0,0,0
1,1,1,1,1,1
1,1,1,1,1,1
0,0,0,0,0,0
0,1,1,1,1,0
1,1,1,1,1,1
0,0,0,0,0,0
0,0,0,0,0,0
0,0,0,0,0,0
0,0,0,0,0,0
1,1,1,1,1,1
0,0,0,0,0,0
1,1,1,1,1,1
1,1,1,1,1,1
1,1,1,1,1,0
0,0,0,0,0,0
0,0,0,0,0,0
1,1,1,1,1,1
1,1,1,1,1,1
0,0,0,0,0,0
1,1,1,1,1,1
0,0,0,0,0,0
1,1,1,1,1,0
0,0,0,0,0,0
1,1,1,1,1,0
1,1,1,1,1,1
0,0,0,0,0,0
0,0,0,0,0,0
1,1,1,1,1,1
0,0,0,0,0,0
0,0,0,0,0,0
1,1,1,1,1,1
1,1,1,1,1,0
0,0,1,1,1,0
0,0,0,0,0,0
0,0,0,0,0,0
1,1,1,1,1,1
1,1,1,1,1,1
0,0,0,0,0,0
1,1,1,1,1,1
0,0,1,1,1,0
1,1,1,1,1,0
1,1,1,1,1,1
1,1,1,1,1,1
0,0,0,0,0,0
0,0,0,0,0,0
0,0,1,1,1,0
0,0,0,0,0,1
1,1,1,1,1,1
1,1,1,1,1,1
0,0,0,1,1,0
0,0,0,0,0,0
1,1,1,1,1,0
0,0,0,0,0,0
0,0,0,0,0,0
0,0,0,0,0,1
0,0,0,0,0,0
1,1,1,1,1,0
1,1,1,1,1,1
0,0,0,0,0,0
1,1,1,1,1,1
1,1,1,1,1,1
1,1,1,1,1,1
0,0,0,0,0,0
1,1,1,1,1,0
0,0,0,0,0,0
0,0,0,0,0,0
1,1,1,1,1,0
0,0,0,0,0,0
0,0,0,0,0,0
0,0,0,0,0,0
1,1,1,1,1,1
0,0,0,0,0,0
1,1,1,1,1,1
0,0,0,0,0,1
1,1,1,1,1,0
0,0,0,0,0,0
0,0,0,0,0,0
0,0,0,0,0,0
0,0,0,0,0,0
1,1,1,1,1,1
0,0,0,0,0,0
0,0,0,0,0,0
1,1,1,1,1,0
1,1,1,0,0,0
0,0,0,0,0,0
0,0,0,0,0,0
1,1,1,1,1,1
1,1,1,1,1,0
0,0,0,0,0,0
1,1,1,1,1,1
1,1,1,1,1,1
0,0,0,0,0,0
0,0,0,0,0,0
0,0,0,0,0,0
1,1,1,1,1,1
0,0,0,0,0,0
0,0,0,0,0,0
1,1,1,1,1,0
0,0,0,0,0,0
0,0,0,0,0,0
1,1,1,1,1,1
1,1,1,1,1,1
0,0,0,0,0,0
1,1,1,1,1,1
0,0,0,0,0,0
1,1,1,1,1,1
0,0,0,0,0,0
0,0,0,0,0,0
0,0,1,0,0,0
1,1,1,1,1,0
0,0,0,0,0,1
0,0,0,0,0,0
1,1,1,1,1,1
1,1,1,1,1,1
1,1,1,1,1,1
1,1,1,1,1,1
1,1,1,1,1,0
0,0,0,0,0,0
1,1,1,1,1,0
0,0,0,0,0,0
0,0,0,0,0,0
0,0,0,0,0,0
0,0,0,0,0,1
1,1,1,1,1,0
1,1,1,1,1,1
0,0,0,0,0,0
1,1,1,1,1,0
1,1,1,1,1,1
0,0,0,0,0,0
0,0,0,0,0,0
0,0,0,0,0,0
1,1,1,1,1,0
0,0,1,0,0,0
0,0,0,0,0,0
0,0,0,0,0,0
0,0,0,0,0,0
1,1,1,1,1,0
0,0,0,0,0,0
1,1,1,1,1,1
0,0,0,0,0,0
1,1,1,1,1,0
0,0,0,0,0,0
0,0,0,0,0,0
1,1,1,1,1,1
0,0,0,0,0,0
0,0,0,0,0,1
0,0,0,0,0,0
0,0,0,0,0,0
0,0,0,0,0,0
0,0,0,0,0,0
0,0,0,0,0,1
0,0,0,0,0,0
0,0,0,0,0,0
0,0,0,0,0,0
0,0,0,0,0,0
0,0,0,0,0,1
1,1,1,1,1,0
1,1,1,1,1,1
0,0,0,0,0,0
0,0,0,0,0,0
0,0,0,0,0,1
1,1,1,1,1,1
0,0,0,0,0,0
1,1,1,1,1,1
1,1,1,1,1,1
0,0,0,0,0,0
0,0,0,0,0,0
1,1,0,1,0,0
1,1,1,1,1,1
1,1,1,1,0,1
1,1,1,1,1,1
0,0,0,0,0,0
1,1,1,1,1,1
0,0,0,0,0,0
0,0,0,0,0,0
0,0,0,0,0,0
0,0,0,0,0,0
0,0,0,0,0,0
1,1,1,1,1,1
1,1,1,1,1,0
1,1,1,1,1,0
0,0,0,0,0,0
1,1,1,1,1,1
0,0,0,0,0,0
0,0,0,0,0,0
1,1,1,1,1,1
0,0,0,0,0,0
0,0,0,1,0,0
0,0,0,0,0,1
1,1,1,1,1,1
0,0,0,0,0,0
1,1,1,1,1,0
0,0,0,0,0,0
0,0,0,0,0,0
0,0,0,0,0,0
0,0,0,0,0,0
0,0,0,0,0,1
0,0,0,0,0,0
0,0,0,0,0,0
0,0,0,0,0,0
0,0,0,0,0,0
1,1,1,1,1,0
1,1,1,1,1,0
0,0,0,0,0,0
1,1,1,1,1,0
1,1,1,1,1,1
0,0,0,0,0,1
1,1,1,1,0,0
0,0,0,0,0,1
0,0,0,0,0,0
1,1,1,1,1,0
0,0,0,0,0,0
0,0,0,0,0,0
1,1,1,1,1,1
0,0,0,0,0,0
1,1,1,1,1,1
0,0,0,0,0,0
1,1,1,1,1,1
1,1,1,1,1,1
0,0,0,0,0,0
0,0,0,0,0,0
0,0,0,0,0,0
1,1,1,1,1,1
0,0,0,0,0,0
1,1,1,1,1,1
0,0,0,0,0,0
0,0,0,0,0,0
0,0,0,0,0,0
0,0,0,0,0,0
1,1,1,1,1,1
0,0,0,0,0,0
0,0,0,0,0,0
0,0,0,0,0,0
0,0,0,0,0,0
0,0,0,0,0,0
0,0,0,0,0,0
0,0,0,0,0,0
0,0,0,0,0,0
0,0,0,0,0,1
0,0,0,0,0,0
0,0,0,0,0,0
0,0,0,0,0,0
0,0,0,0,0,0
0,0,0,0,0,0
0,0,0,0,0,1
1,1,1,1,1,1
1,1,1,1,1,1
0,0,0,0,0,0
0,0,0,0,0,0
1,1,1,1,1,0
1,1,1,0,0,0
0,0,0,0,0,0
0,0,0,0,0,0
0,0,0,0,0,0
0,0,0,0,0,0
0,0,0,0,0,0
0,0,0,0,0,1
0,0,0,0,0,0
0,0,0,0,0,0
1,1,0,0,1,0
0,0,0,0,0,0
0,0,0,0,0,0
0,0,0,0,0,0
0,0,0,0,0,0
0,0,0,0,0,0
0,0,0,0,0,0
0,0,0,0,0,0
0,0,0,0,0,0
0,0,0,0,0,0
0,0,0,0,0,0
0,0,0,0,0,0
0,0,0,0,0,0
1,1,0,0,0,0
1,1,1,1,1,1
0,0,0,0,0,0
1,1,0,0,0,1
0,0,0,0,0,0
0,0,0,0,0,0
0,0,0,0,0,0
0,0,0,0,0,0
1,1,0,1,1,1
1,1,0,1,1,1
0,0,0,0,0,0
1,1,0,0,0,0
0,0,0,0,0,0
1,1,1,1,1,0
0,0,0,0,0,0
0,0,0,0,0,0
1,1,1,1,1,1
0,0,0,0,0,0
0,0,0,0,0,0
0,0,0,0,0,0
0,0,0,0,0,0
1,1,1,1,1,1
1,1,1,1,1,1
0,0,0,0,0,0
1,1,1,1,1,1
0,0,0,0,0,0
0,0,0,0,0,0
0,0,0,0,0,0
1,1,1,1,1,1
0,0,0,0,0,0
0,0,0,0,0,0
0,0,0,0,0,0
0,0,0,0,0,0
0,0,0,0,0,0
1,1,1,1,1,0
0,0,0,0,0,0
0,0,0,0,0,0
0,0,0,0,0,0
0,0,0,0,0,0
0,0,0,0,0,0
1,1,1,1,1,1
0,0,0,0,0,0
0,0,0,0,0,0
0,0,0,0,0,0
0,0,0,0,0,0
0,0,0,0,0,0
1,1,1,1,1,1
0,0,0,0,0,0
1,1,1,1,1,1
0,0,0,0,0,0
0,0,0,0,0,0
1,1,1,1,1,1
1,1,0,0,0,1
0,0,0,0,0,0
0,0,0,0,0,0
0,0,0,0,0,1
0,0,0,0,0,0
0,0,0,0,0,0
0,0,0,0,0,1
0,0,0,0,0,0
0,0,0,0,0,0
1,1,1,1,1,1
0,0,0,0,0,1
0,0,0,0,0,0
0,0,0,0,0,0
1,1,0,0,1,1
0,0,0,0,0,0
0,0,0,0,0,0
0,0,0,0,0,0
0,0,0,0,0,0
0,0,0,0,0,0
1,1,1,1,1,1
0,0,0,0,0,0
0,0,0,0,0,1
0,0,0,0,0,0
0,0,0,0,0,0
0,0,0,0,0,0
0,0,0,0,0,0
1,1,0,0,1,1
0,0,0,0,0,0
1,1,1,1,1,1
0,0,0,0,0,0
0,0,0,0,0,0
0,0,0,0,0,0
1,1,0,0,1,0
1,1,0,0,0,0
0,0,0,0,0,0
1,1,0,1,1,1
0,0,0,0,0,0
0,0,0,0,0,0
0,0,0,0,0,0
0,0,0,0,0,0
0,0,0,0,0,0
1,1,1,1,1,1
1,1,0,1,1,1
0,0,0,0,0,0
1,1,1,1,1,1
0,0,0,0,0,0
1,1,1,1,1,1
1,1,1,1,1,1
1,1,1,1,1,1
0,0,0,0,0,0
1,1,0,1,0,0
0,0,0,0,0,0
1,1,1,1,1,1
0,0,0,0,0,0
0,0,0,0,0,0
0,0,0,0,0,0
1,1,1,1,1,1
0,0,0,0,0,0
0,0,0,0,0,1
0,0,0,0,0,0
1,1,1,1,1,1
0,0,0,0,0,0
0,0,0,0,0,1
0,0,0,0,0,0
1,1,1,1,1,1
0,0,0,1,0,0
0,0,0,0,0,0
0,0,0,0,0,0
1,1,1,1,1,0
1,1,1,1,1,0
0,0,0,0,0,0
1,1,1,1,1,1
0,0,0,0,0,0
1,1,1,1,1,0
1,1,1,1,1,0
0,0,0,0,0,0
0,0,0,0,0,0
1,1,1,1,1,1
0,0,0,0,0,1
0,0,0,0,0,0
1,1,1,1,1,0
1,1,1,1,1,0
0,0,0,0,0,1
0,0,0,0,0,0
1,1,1,1,1,1
0,0,0,0,0,0
0,0,0,0,0,0
0,0,0,0,0,0
0,0,0,0,0,0
1,1,1,1,1,0
1,1,1,1,1,1
0,0,0,0,0,0
0,0,0,0,0,0
1,1,1,1,1,1
1,1,1,0,0,0
0,0,0,0,0,0
0,1,1,0,0,0
0,0,0,0,0,0
0,0,0,0,0,0
1,1,1,1,0,1
1,1,1,1,1,0
0,0,0,0,0,0
1,1,1,1,1,1
1,1,1,0,0,0
0,0,0,0,0,0
0,0,0,0,0,0
1,1,1,1,1,1
1,1,1,1,1,1
0,0,0,0,0,1
0,0,0,0,0,0
1,1,1,1,1,1
1,1,1,1,1,0
1,1,1,1,1,1
0,0,0,0,0,0
0,0,0,0,0,0
1,1,1,1,1,0
0,0,0,0,0,0
1,1,1,1,1,0
0,0,0,0,0,0
0,0,0,0,0,0
0,0,0,0,0,0
1,1,1,1,0,0
0,0,0,0,0,0
1,1,1,1,1,1
0,0,0,0,0,0
1,1,1,1,1,1
0,0,0,0,0,0
0,0,0,0,0,0
0,0,0,0,0,0
1,1,1,1,1,0
0,0,0,0,0,0
0,0,0,0,0,0
0,0,1,0,0,0
1,1,1,1,1,1
0,0,0,0,0,0
0,0,0,0,0,1
1,1,1,1,1,1
0,0,0,0,0,0
0,0,1,0,0,0
0,0,0,0,0,0
0,0,0,0,0,0
0,0,0,0,0,0
1,1,1,1,1,1
1,1,1,1,1,1
0,0,0,0,0,1
0,0,0,0,0,0
1,1,1,1,0,0
1,1,1,1,1,0
0,0,0,0,0,0
1,1,1,1,1,0
1,1,1,1,1,0
1,1,1,1,1,1
1,1,1,1,1,1
0,0,0,0,0,0
1,1,1,1,1,1
0,0,0,0,0,0
0,0,0,0,0,0
1,1,1,1,1,0
1,1,1,1,1,0
1,1,1,1,1,1
1,1,1,1,1,1
0,0,0,0,0,0
1,1,1,1,1,1
1,1,1,1,1,0
0,0,0,0,0,0
1,1,1,1,1,0
0,0,1,1,1,0
1,1,1,1,1,0
0,0,1,1,0,0
0,0,0,0,0,0
0,0,0,0,0,1
1,1,1,1,1,0
0,0,0,0,0,0
0,0,0,0,0,0
1,1,1,1,1,0
1,1,1,1,1,1
0,0,0,0,0,1
0,0,0,0,0,0
0,0,0,0,0,1
0,0,0,0,0,0
1,1,1,1,1,1
0,0,0,0,0,0
1,1,1,1,1,1
1,1,1,1,1,1
0,0,0,0,0,0
0,0,0,0,0,0
1,1,1,1,1,1
0,0,0,0,0,1
1,1,1,1,1,1
1,1,1,1,1,0
0,0,0,0,0,0
0,0,0,0,0,0
0,0,0,0,0,0
1,1,1,1,1,1
1,1,1,1,1,1
0,0,0,0,0,0
1,1,1,1,1,1
0,0,0,0,0,0
0,0,0,0,0,0
0,0,0,0,0,1
1,1,1,1,1,1
1,1,1,1,1,0
1,1,1,1,1,0
1,1,1,1,1,0
1,1,1,1,1,1
1,1,1,1,1,1
0,0,0,0,0,0
1,1,1,1,1,1
0,0,0,0,0,0
0,0,0,0,0,0
1,1,1,1,1,0
1,1,1,1,1,0
0,0,0,0,0,0
0,0,1,1,1,1
0,0,0,0,0,0
1,1,1,1,1,1
1,1,1,1,1,1
0,0,0,0,0,0
0,0,0,0,0,0
0,0,0,0,0,0
0,0,0,0,0,0
0,0,0,1,1,1
0,0,0,0,0,0
0,0,0,0,0,0
0,0,0,0,0,0
0,0,0,0,0,0
0,0,0,0,0,0
1,1,1,1,1,1
0,0,0,0,0,0
0,0,0,0,0,0
1,1,1,1,1,1
1,1,1,1,1,1
0,0,0,0,0,0
0,0,0,0,0,0
0,0,0,0,0,0
0,0,0,0,0,0
1,1,1,1,1,0
0,0,0,0,0,0
0,0,0,0,0,0
0,0,0,0,0,0
1,1,1,1,1,1
1,1,1,1,1,0
0,0,0,0,0,0
0,0,0,0,0,0
0,0,0,0,0,0
0,0,0,0,0,0
0,0,0,0,0,0
0,0,0,0,0,1
0,0,0,0,0,0
0,0,0,0,0,0
1,1,1,1,1,0
0,0,0,0,0,1
0,0,0,0,0,0
0,0,0,0,0,0
1,1,1,1,0,0
1,1,1,1,1,1
0,0,0,0,0,0
1,1,0,1,0,0
0,0,0,0,0,0
0,0,0,0,0,0
0,0,0,0,0,0
0,0,0,0,0,0
0,0,0,0,0,0
1,1,0,1,0,0
0,0,0,0,0,0
0,0,0,0,0,0
0,0,0,0,0,0
1,1,1,1,1,1
0,0,0,0,0,0
0,0,0,0,0,0
1,1,1,1,1,1
0,0,0,0,0,0
1,1,1,1,1,1
1,1,0,0,0,0
0,0,0,0,0,0
1,1,1,1,1,0
1,1,1,1,1,0
0,0,0,0,0,0
0,0,0,0,0,0
0,0,0,0,0,0
0,0,0,0,0,1
1,1,1,1,1,1
0,0,0,0,0,0
0,0,0,0,0,0
0,0,0,0,0,0
1,1,1,1,1,1
0,0,0,0,0,0
1,1,1,1,1,0
0,0,0,0,0,0
0,0,0,0,0,0
0,0,0,0,0,0
0,0,0,0,0,0
1,1,0,0,0,0
0,0,0,0,0,0
0,0,0,0,0,0
0,0,0,0,0,0
1,1,1,0,1,1
1,1,1,1,1,1
1,1,1,1,1,1
0,0,0,0,0,0
0,0,0,0,0,0
0,0,0,0,0,0
1,1,1,0,0,1
1,1,1,1,1,1
0,0,0,0,0,0
0,0,0,0,0,1
0,0,0,0,0,0
0,0,0,0,0,0
0,0,0,0,0,0
0,0,0,0,0,0
0,0,0,0,0,0
0,0,0,0,0,0
0,0,0,0,0,0
0,0,0,0,0,0
0,0,0,0,0,1
1,1,1,1,1,0
0,0,0,0,0,0
1,1,1,1,1,1
0,0,0,0,0,1
0,0,0,0,0,0
1,1,1,1,1,1
0,0,0,0,0,0
0,0,0,0,0,0
0,0,0,0,0,0
1,1,0,0,0,0
0,0,0,0,0,0
1,1,1,1,1,1
0,0,0,0,0,1
1,1,1,1,1,1
0,0,0,0,0,0
0,0,0,0,0,0
0,0,0,0,0,0
0,0,0,0,0,0
0,0,0,0,0,0
0,0,0,0,0,0
0,0,0,0,0,0
1,1,1,1,1,1
0,0,0,0,0,1
0,0,0,0,0,0
1,1,1,1,1,1
0,0,0,0,0,0
0,0,0,0,0,0
1,1,1,1,1,1
1,1,1,1,1,0
0,0,0,0,0,0
0,0,0,0,0,0
0,0,0,0,0,0
0,0,0,0,0,0
0,0,0,0,0,0
0,0,0,0,0,0
0,0,0,0,0,1
0,0,0,0,0,0
1,1,1,1,1,1
0,0,0,0,0,0
1,1,1,1,1,1
0,0,0,0,0,0
0,0,0,0,0,0
0,0,0,0,0,0
0,0,0,0,0,0
1,1,1,1,1,1
1,1,0,1,1,0
0,0,0,0,0,0
1,1,0,1,1,1
1,1,1,1,1,1
1,1,1,1,1,1
1,1,1,1,1,1
1,1,1,1,1,0
0,0,0,0,0,0
0,0,0,0,0,0
1,1,1,1,1,0
0,0,0,0,0,0
0,0,0,0,0,1
0,0,0,0,0,0
0,0,0,0,0,0
0,0,0,0,0,0
1,1,1,1,1,1
1,1,1,1,1,0
0,0,0,0,0,0
0,0,0,0,0,0
1,1,1,1,1,0
0,0,0,0,0,0
0,0,0,0,0,0
0,0,0,0,0,0
0,0,0,0,0,0
1,1,1,1,1,1
0,0,0,0,0,1
1,1,0,1,0,1
0,0,0,0,0,0
1,1,1,1,1,1
0,0,0,0,0,0
0,0,0,0,0,0
0,0,0,0,0,0
0,0,0,0,0,0
0,0,0,0,0,0
1,1,0,0,0,1
0,0,0,0,0,1
0,0,0,0,0,0
1,1,1,1,1,1
0,0,0,0,0,0
0,0,0,0,0,0
1,1,1,1,1,1
0,0,0,0,0,0
0,0,0,0,0,0
0,0,0,0,0,0
0,0,0,0,0,0
1,1,1,1,1,1
0,0,0,0,0,0
0,0,0,0,0,0
1,1,1,1,1,1
0,0,0,0,0,1
0,0,0,0,0,0
0,0,0,0,0,1
0,0,0,0,0,0
0,0,0,0,0,0
1,1,1,1,1,1
0,0,0,0,0,0
0,0,0,0,0,0
1,1,1,1,1,1
1,1,1,1,1,1
0,0,0,0,0,0
0,0,0,0,0,0
1,1,1,1,1,1
1,1,1,1,1,1
0,0,0,0,0,1
0,0,0,0,0,0
1,1,0,1,0,1
0,0,0,0,0,0
1,1,1,1,1,0
0,0,0,0,0,0
1,1,1,1,1,0
1,1,1,1,1,0
0,0,0,0,0,0
0,0,0,0,0,0
0,0,0,0,0,1
0,0,0,0,0,0
0,0,0,0,0,0
0,0,0,0,0,0
0,0,0,0,0,1
1,1,1,1,1,1
0,0,0,0,0,0
0,0,0,0,0,0
0,0,0,0,0,0
0,0,0,0,0,0
0,0,0,0,0,1
1,1,1,1,1,0
0,0,0,0,0,1
0,0,0,0,0,0
0,0,0,0,0,0
0,0,0,0,0,0
1,1,1,1,1,1
0,0,0,0,0,0
0,0,0,0,0,0
1,1,0,1,0,0
1,1,1,1,1,1
1,1,1,1,1,1
0,0,0,0,0,0
0,0,0,0,0,0
0,0,0,0,0,0
0,0,0,0,0,1
0,0,0,0,0,0
0,0,0,0,0,0
0,0,0,0,0,0
0,0,0,0,0,0
0,0,0,0,0,0
1,1,1,1,1,1
0,0,0,0,0,0
0,0,0,0,0,0
1,1,0,0,0,0
0,0,0,0,0,0
0,0,0,0,0,0
1,1,1,1,1,1
0,0,0,0,0,0
0,0,0,0,0,0
1,1,1,1,1,1
0,0,0,0,0,1
0,0,0,0,0,0
0,0,0,0,0,1
0,0,0,0,0,1
0,0,0,0,0,0
0,0,0,0,0,0
0,0,0,0,0,0
0,0,0,0,0,0
0,0,0,0,0,0
0,0,0,0,0,0
1,1,0,1,1,0
0,0,0,0,0,1
0,0,0,0,0,0
0,0,0,0,0,0
0,0,0,0,0,0
0,0,0,0,0,0
0,0,0,0,0,0
0,0,0,0,0,0
0,0,0,0,0,0
0,0,0,0,0,0
0,0,0,0,0,0
1,1,0,0,0,1
1,1,1,1,1,1
0,0,0,0,0,0
1,1,1,1,1,1
0,0,0,0,0,0
0,0,0,0,0,0
1,1,1,1,1,1
0,0,0,0,0,0
0,0,0,0,0,0
1,1,0,0,1,1
0,0,0,0,0,0
0,0,0,0,0,0
0,0,0,0,0,0
0,0,0,0,0,0
0,0,0,0,0,0
0,0,0,0,0,0
1,1,1,1,1,1
1,1,1,1,1,1
0,0,0,0,0,0
1,1,0,0,1,1
0,0,0,0,0,0
1,1,0,0,1,1
1,1,0,0,1,1
1,1,1,1,1,1
1,1,0,0,1,0
0,0,0,0,0,0
0,0,0,0,0,0
0,0,0,0,0,0
1,1,1,1,1,1
0,0,0,0,0,0
0,0,0,0,0,0
0,0,0,0,0,0
0,0,0,0,0,0
1,1,1,1,1,1
0,0,0,0,0,0
0,0,0,0,0,0
0,0,0,0,0,0
0,0,0,0,0,1
0,0,0,0,0,0
0,0,0,0,0,0
0,0,0,0,0,0
1,1,1,1,1,0
0,1,0,0,0,1
1,1,1,1,1,0
1,1,1,1,1,1
0,0,0,0,0,0
0,0,0,0,0,0
0,0,0,0,0,0
0,0,0,0,0,1
0,0,0,0,0,0
0,0,0,0,0,1
0,0,0,0,0,0
0,0,0,0,0,0
0,0,0,0,0,0
1,1,1,1,1,0
1,1,1,1,1,0
0,0,0,0,0,0
0,0,0,0,0,0
0,0,0,0,0,1
0,0,0,0,0,0
0,0,0,0,0,0
0,0,0,0,0,0
1,1,1,1,1,0
1,1,1,1,1,1
1,1,1,1,1,1
1,1,1,1,1,1
1,1,1,1,1,1
0,0,0,0,0,0
1,1,1,0,1,0
1,1,1,1,1,1
1,1,1,1,1,1
0,0,0,0,0,0
0,0,0,0,0,0
0,0,0,0,0,0
0,0,0,0,0,0
1,1,0,0,0,0
0,0,0,0,0,0
1,1,1,1,1,1
0,0,0,0,0,0
1,1,1,1,1,1
0,0,0,0,0,0
0,0,0,0,0,0
1,1,1,1,1,0
0,0,0,0,0,0
0,0,0,0,0,0
0,0,0,0,0,0
0,0,0,0,0,0
0,0,0,0,0,1
1,1,1,1,1,1
0,0,0,0,0,0
0,0,0,0,0,0
0,0,0,0,0,0
0,0,0,0,0,0
0,0,0,0,0,0
0,0,0,0,0,0
0,0,0,0,0,0
0,0,0,0,0,0
0,0,0,0,0,0
0,1,0,0,0,0
0,0,0,0,0,0
0,0,0,0,0,0
0,0,0,0,0,0
1,1,1,1,1,1
0,0,0,0,0,1
0,0,0,0,0,0
0,0,0,0,0,0
1,1,1,1,1,1
1,1,1,1,1,1
1,1,1,1,1,1
0,0,0,0,0,0
0,0,0,0,0,0
1,1,1,1,1,1
1,1,1,1,1,1
0,0,0,0,0,0
0,0,0,0,0,0
1,1,1,1,1,1
1,1,1,1,1,0
0,0,0,0,0,0
1,1,1,1,1,1
1,1,1,0,0,1
0,0,0,0,0,0
0,0,0,0,0,0
1,1,1,1,1,1
1,1,1,1,1,1
0,0,0,0,0,0
0,0,0,0,0,0
0,0,0,0,0,0
0,0,0,0,0,0
0,0,0,0,0,0
0,0,0,0,0,0
0,0,0,0,0,0
1,1,1,1,1,1
0,0,0,0,0,0
0,0,0,0,0,0
1,1,1,1,1,1
0,0,0,0,0,0
1,1,1,1,1,0
0,0,0,0,0,1
1,1,1,1,1,0
0,0,0,0,0,1
0,0,0,0,0,0
1,1,1,1,1,1
0,0,0,0,0,0
0,0,0,0,0,0
1,1,1,1,1,1
0,0,0,0,0,0
1,1,1,1,1,0
0,0,0,0,0,0
1,1,1,1,1,1
0,0,0,0,0,0
0,0,0,0,0,0
0,0,0,0,0,0
1,1,1,1,1,0
0,0,0,0,0,0
0,0,0,0,0,0
1,1,1,1,1,1
0,0,0,0,0,0
0,0,0,0,0,0
0,0,0,0,0,1
0,0,0,0,0,0
0,0,0,0,0,0
0,0,0,0,0,0
0,0,0,0,0,0
0,0,0,0,0,0
0,0,0,0,0,0
1,1,0,0,0,0
0,0,0,0,0,0
0,0,0,0,0,0
0,0,0,0,0,0
0,0,0,0,0,0
0,0,0,0,0,0
0,0,0,0,0,0
1,1,1,1,1,1
0,0,0,0,0,0
0,0,0,0,0,0
0,0,0,0,0,0
0,0,0,0,0,0
0,0,0,0,0,1
0,0,0,0,0,0
1,1,1,1,1,1
1,1,0,1,1,1
0,0,0,0,0,0
0,0,0,0,0,0
0,0,0,0,0,0
1,1,1,1,1,1
1,1,1,1,1,1
0,0,0,0,0,0
0,0,0,0,0,0
0,0,0,0,0,0
0,0,0,0,0,0
1,1,0,0,0,0
0,0,0,0,0,0
0,0,0,0,0,0
0,0,0,0,0,0
1,1,1,1,1,1
1,1,1,1,1,1
0,0,0,0,0,1
0,0,0,0,0,0
0,0,0,0,0,0
0,0,0,0,0,0
0,0,0,0,0,0
0,0,0,0,0,0
1,1,0,1,1,0
0,0,0,0,0,0
0,0,0,0,0,0
0,0,0,0,0,0
0,0,0,0,0,0
1,1,1,1,1,1
0,0,0,0,0,0
0,0,0,0,0,0
1,1,0,0,1,1
1,1,1,1,1,1
1,1,0,0,1,1
0,0,0,0,0,0
0,0,0,0,0,0
0,0,0,0,0,0
1,1,1,1,1,1
0,0,0,0,0,0
0,0,0,0,0,0
1,1,1,1,1,1
0,0,0,0,0,0
0,0,0,0,0,0
1,1,1,1,1,0
0,0,0,0,0,0
0,0,0,0,0,0
0,0,0,0,0,0
1,1,1,1,1,1
0,0,0,0,0,0
1,1,1,1,1,1
0,0,0,0,0,0
0,0,0,0,0,0
0,0,0,0,0,1
0,0,0,0,0,0
1,1,1,1,1,1
0,0,0,0,0,0
1,1,1,0,1,1
1,1,1,1,1,1
0,0,0,0,0,0
0,1,0,0,1,0
0,0,0,0,0,0
0,0,0,0,0,0
1,1,1,1,1,0
0,0,0,0,0,0
0,0,0,0,0,0
0,0,0,0,0,0
0,0,0,0,0,0
1,1,0,0,1,1
1,1,1,1,1,1
1,1,1,1,1,1
0,0,0,0,0,0
1,1,1,1,1,1
0,0,0,0,0,0
1,1,1,1,1,0
1,1,1,1,1,0
0,0,0,0,0,0
1,1,1,1,1,1
0,0,0,0,0,0
0,0,0,0,0,0
0,0,0,0,0,0
0,0,0,0,0,0
0,0,0,0,0,0
1,1,1,1,1,1
0,0,0,0,0,0
1,1,1,1,1,1
0,0,0,0,0,0
0,0,0,0,0,0
0,0,0,0,0,0
1,1,1,1,1,0
1,1,1,1,1,0
0,0,0,0,0,0
0,0,0,0,0,0
0,0,0,0,0,0
0,0,0,0,0,0
1,1,1,1,1,1
1,1,1,1,1,1
0,0,0,0,0,0
0,0,0,0,0,0
1,1,1,1,1,1
1,1,1,1,1,1
0,0,0,0,0,0
0,0,0,0,0,0
0,0,0,0,0,1
0,0,0,0,0,0
0,0,0,0,0,0
0,0,0,0,0,0
0,0,0,0,0,0
0,0,0,0,0,1
0,0,0,0,0,0
1,1,0,1,0,1
0,0,0,0,0,0
0,0,0,0,0,0
0,0,0,0,0,0
0,0,0,0,0,0
0,0,0,0,0,0
1,1,1,1,1,1
0,0,0,0,0,0
0,0,0,0,0,0
1,1,1,1,1,1
0,0,0,0,0,0
1,1,1,1,1,1
0,0,0,0,0,0
1,1,1,1,1,1
0,0,0,0,0,0
1,1,0,0,0,0
1,1,1,1,1,1
1,1,1,1,1,0
0,0,0,0,0,0
0,0,0,0,0,0
0,0,0,0,0,0
0,0,0,0,0,0
0,0,0,0,0,0
1,1,1,1,1,1
0,0,0,0,0,0
0,0,0,0,0,0
0,0,0,0,0,1
1,1,1,1,1,0
0,0,0,0,0,0
0,0,0,0,0,0
0,0,0,0,0,0
1,1,0,1,0,0
1,1,1,1,1,1
0,0,0,0,0,0
1,1,1,1,1,1
1,1,1,1,1,0
0,0,0,0,0,0
1,1,1,1,1,1
1,1,1,1,1,0
0,0,0,0,0,0
0,0,0,0,0,0
0,0,0,0,0,0
1,1,0,0,0,1
1,1,1,1,0,1
0,0,0,0,0,0
0,0,0,0,0,0
0,0,0,0,0,0
1,1,1,1,1,0
0,0,0,0,0,0
1,1,1,1,1,1
1,1,1,1,1,1
1,1,1,1,1,1
0,0,1,1,0,0
1,1,1,1,1,1
1,1,1,1,1,1
0,0,0,0,0,1
0,0,0,0,0,1
1,1,1,1,1,1
0,0,0,0,0,0
0,0,0,0,0,0
1,1,1,1,1,1
0,0,0,0,0,0
0,0,0,0,0,0
0,0,0,0,0,0
0,0,0,0,0,0
0,0,0,0,0,0
0,0,0,0,0,0
0,0,0,0,0,0
0,0,0,0,0,0
0,0,0,0,0,0
0,0,0,0,0,0
1,1,1,1,1,1
1,1,1,1,1,1
1,1,1,1,1,1
1,1,1,1,1,0
1,1,1,1,1,0
0,0,0,0,0,1
0,0,0,0,0,0
0,0,0,0,0,0
0,0,0,0,0,0
1,1,1,1,1,1
0,0,0,0,0,0
0,0,0,0,0,0
1,1,1,1,1,0
0,0,0,0,0,0
0,0,0,0,0,0
1,1,1,1,1,1
0,0,0,0,0,0
0,0,0,0,0,1
0,0,0,0,0,1
0,0,0,0,0,0
1,1,1,1,1,1
0,0,0,0,0,0
0,0,0,0,0,0
1,1,1,1,1,1
0,0,0,0,0,0
0,0,0,0,0,0
0,0,0,0,0,0
1,1,1,1,1,1
1,1,1,1,1,0
0,0,0,0,0,1
0,0,0,0,0,1
0,0,0,0,0,0
0,0,0,0,0,0
0,0,0,0,0,0
0,0,0,0,0,0
0,0,0,0,0,0
0,0,0,0,0,0
0,0,0,0,0,0
1,1,1,1,1,0
0,0,0,0,0,0
0,0,0,0,0,1
0,0,0,0,0,0
1,1,0,1,1,0
1,1,1,1,1,0
0,0,0,0,0,0
0,0,0,0,0,1
1,1,1,1,1,1
0,0,0,0,0,0
0,0,0,0,0,0
1,1,1,1,1,1
0,0,0,0,0,0
1,1,1,1,1,1
0,0,0,0,0,0
0,0,0,0,0,0
0,0,0,0,0,0
0,0,0,0,0,0
0,0,0,0,0,0
0,0,0,0,0,0
0,0,0,0,0,0
0,0,0,0,0,0
0,0,0,0,0,1
1,1,1,1,1,1
1,1,0,0,0,0
0,0,0,0,0,0
1,1,1,1,1,0
0,0,0,0,0,0
0,0,0,0,0,0
0,0,0,0,0,0
0,0,0,0,0,0
1,1,1,1,1,1
0,0,0,0,0,0
0,0,0,0,0,0
0,0,0,0,0,1
0,0,0,0,0,0
0,0,0,0,0,0
0,0,0,0,0,0
0,0,0,0,0,0
0,0,0,0,0,0
0,0,0,0,0,0
0,0,0,0,0,1
0,0,0,0,0,0
0,0,0,0,0,0
0,0,0,0,0,1
0,0,0,0,0,0
0,0,0,0,0,0
1,1,0,0,0,0
0,0,0,0,0,0
1,1,0,0,0,0
0,0,0,0,0,0
0,0,0,0,0,1
1,1,0,0,0,0
0,0,0,0,0,0
0,0,0,0,0,0
0,0,0,0,0,0
0,0,0,0,0,0
0,0,0,0,0,0
1,1,0,0,0,1
0,0,0,0,0,0
0,0,0,0,0,0
0,0,0,0,0,0
0,0,0,0,0,0
0,0,0,0,0,0
1,1,0,0,0,1
1,1,0,0,0,1
0,0,0,0,0,0
1,1,0,0,0,0
0,0,0,0,0,1
0,0,0,0,0,0
1,1,1,0,0,0
0,0,0,0,0,0
0,0,0,0,0,0
0,0,0,0,0,0
1,1,1,0,0,1
0,0,0,0,0,0
1,1,1,0,0,0
0,0,0,0,0,0
1,1,1,1,1,0
0,0,0,0,0,0
0,0,0,0,0,0
1,1,1,1,1,1
0,0,0,0,0,0
1,1,1,1,1,1
0,0,0,0,0,0
1,1,1,1,0,1
0,0,0,0,0,0
1,1,1,1,1,1
0,0,0,0,0,0
1,1,1,1,1,0
0,0,0,0,0,0
1,1,1,1,1,1
0,0,0,0,0,0
0,0,0,0,0,0
0,0,0,0,0,0
1,1,1,1,1,1
0,0,0,0,0,0
0,0,0,0,0,0
0,0,0,0,0,0
0,0,0,0,0,0
0,0,0,0,0,0
0,0,0,0,0,0
0,0,0,0,0,0
0,0,0,0,0,0
0,0,0,0,0,0
0,0,0,0,0,0
0,0,0,0,0,0
1,1,0,0,0,0
1,1,1,1,1,1
1,1,1,1,1,1
0,0,0,0,0,0
0,0,0,0,0,0
1,1,1,1,1,1
1,1,1,1,1,0
1,1,0,0,0,0
0,0,0,0,0,0
0,0,0,0,0,0
0,0,0,0,0,0
0,0,0,0,0,0
0,0,0,0,0,0
1,1,1,1,1,0
1,1,1,1,1,0
0,0,0,0,0,0
0,0,0,0,0,0
1,1,1,1,1,1
0,0,0,0,0,0
0,0,0,0,0,0
1,1,1,1,1,0
0,0,0,0,0,0
0,0,0,0,0,0
0,0,0,0,0,0
1,1,1,1,1,1
0,0,0,0,0,0
0,0,0,0,0,0
0,0,0,0,0,0
0,0,0,0,0,0
0,0,0,0,0,0
0,0,0,0,0,0
0,0,0,0,0,0
0,0,0,0,0,0
0,0,0,0,0,0
1,1,1,1,1,1
0,0,0,0,0,0
0,0,0,0,0,0
1,1,1,1,1,1
1,1,1,1,1,0
1,1,1,1,1,1
1,1,1,1,1,0
0,0,0,0,0,0
1,1,1,1,1,0
1,1,1,1,1,0
1,1,1,1,1,0
0,0,0,0,0,0
1,1,1,1,1,0
1,1,1,1,1,0
1,1,1,1,1,0
1,1,1,1,1,0
1,1,1,1,1,0
1,1,1,1,1,1
1,1,1,1,1,1
1,1,1,1,1,1
1,1,1,1,1,0
1,1,1,1,1,1
1,1,1,1,1,0
1,1,1,1,1,0
1,1,1,1,1,1
1,1,1,1,1,1
1,1,1,1,1,0
1,1,1,1,1,0
1,1,1,1,1,1
1,1,1,1,1,1
1,1,1,1,1,0
1,1,1,1,1,0
1,1,1,1,1,0
1,1,1,1,1,0
1,1,1,1,1,1
1,1,1,1,1,0
1,1,1,1,1,1
1,1,1,1,1,1
1,1,1,1,1,1
1,1,1,1,1,1
1,1,1,1,1,1
1,1,1,1,1,0
0,0,1,1,1,0
1,1,1,1,1,0
1,1,1,1,1,0
1,1,1,1,1,0
1,1,1,1,1,0
1,1,1,1,1,0
1,1,1,1,1,1
1,1,1,1,1,1
1,1,1,1,1,0
1,1,1,1,1,1
1,1,1,1,1,1
1,1,1,1,1,1
1,1,1,1,1,0
1,1,1,1,1,0
1,1,1,1,1,1
1,1,1,1,1,0
1,1,1,1,1,1
1,1,1,1,1,0
1,1,1,1,1,1
0,0,1,1,1,0
1,1,1,1,1,1
0,0,1,1,1,0
1,1,1,1,1,0
1,1,1,1,1,0
0,0,1,1,1,0
1,1,1,1,1,1
1,1,1,1,1,0
1,1,1,1,1,1
1,1,1,1,1,0
1,1,1,1,1,0
1,1,1,1,1,0
1,1,1,1,1,1
1,1,1,1,1,1
0,0,1,1,1,0
1,1,1,1,1,1
1,1,1,1,1,0
1,1,1,1,1,0
1,1,1,1,1,1
1,1,1,1,1,1
1,1,1,1,1,0
1,1,1,1,1,1
1,1,1,1,1,1
1,1,1,1,1,1
1,1,1,1,1,0
0,0,1,1,1,0
1,1,1,1,1,1
1,1,1,1,1,0
1,1,1,1,1,0
1,1,1,1,1,0
1,1,1,1,1,1
1,1,1,1,1,0
1,1,1,1,1,1
1,1,1,1,1,1
1,1,1,1,1,1
1,1,1,1,1,0
1,1,1,1,1,0
1,1,1,1,1,1
0,0,1,1,1,0
1,1,1,1,1,1
1,1,1,1,1,1
1,1,1,1,1,1
1,1,1,1,1,1
1,1,1,1,1,0
1,1,1,1,1,1
1,1,1,1,1,0
1,1,1,1,1,1
1,1,1,1,1,1
1,1,1,1,1,1
1,1,1,1,1,0
1,1,1,1,1,1
1,1,1,1,1,1
1,1,1,1,1,0
1,1,1,1,1,0
1,1,1,1,1,1
1,1,1,1,1,1
1,1,1,1,1,0
1,1,1,1,1,1
1,1,1,1,1,0
1,1,1,1,1,0
1,1,1,1,1,1
1,1,1,1,1,0
1,1,1,1,1,1
1,1,1,1,1,1
1,1,1,1,1,1
1,1,1,1,1,1
1,1,1,1,1,1
1,1,1,1,1,1
1,1,1,1,1,1
1,1,1,1,1,0
0,0,1,1,1,0
1,1,1,1,1,0
1,1,1,1,1,0
1,1,1,1,1,0
1,1,1,1,1,0
1,1,1,1,1,1
1,1,1,1,1,1
1,1,1,1,1,1
1,1,1,1,1,1
1,1,1,1,1,1
1,1,1,1,1,0
1,1,1,1,1,1
1,1,1,1,1,0
1,1,1,1,1,1
1,1,1,1,1,1
1,1,1,1,1,1
0,0,1,1,1,0
1,1,1,1,1,1
1,1,1,1,1,1
0,0,1,1,1,0
1,1,1,1,1,0
1,1,1,1,1,0
1,1,1,1,1,0
1,1,1,1,1,0
1,1,1,1,1,0
1,1,1,1,1,1
1,1,1,1,1,1
1,1,1,1,1,1
1,1,1,1,1,1
1,1,1,1,1,0
1,1,1,1,1,1
1,1,1,1,1,0
1,1,1,1,1,0
1,1,1,1,1,1
1,1,1,1,1,0
0,0,1,1,1,0
1,1,1,1,1,1
0,0,1,1,1,0
1,1,1,1,1,0
1,1,1,1,1,1
1,1,1,1,1,1
1,1,1,1,1,0
1,1,1,1,1,0
1,1,1,1,1,1
1,1,1,1,1,1
1,1,1,1,1,0
1,1,1,1,1,0
1,1,1,1,1,0
1,1,1,1,1,1
1,1,1,1,1,1
1,1,1,1,1,0
1,1,1,1,1,1
1,1,1,1,1,0
1,1,1,1,1,0
1,1,1,1,1,0
1,1,1,1,1,0
1,1,1,1,1,0
1,1,1,1,1,0
1,1,1,1,1,0
1,1,1,1,1,1
1,1,1,1,1,1
1,1,1,1,1,0
1,1,1,1,1,1
1,1,1,1,1,0
1,1,1,1,1,1
1,1,1,1,1,0
1,1,1,1,1,0
1,1,1,1,1,0
1,1,1,1,1,0
0,0,1,1,1,0
1,1,1,1,1,0
1,1,1,1,1,0
1,1,1,1,1,0
1,1,1,1,1,1
0,0,1,1,1,0
1,1,1,1,1,1
1,1,1,1,1,1
1,1,1,1,1,0
1,1,1,1,1,1
1,1,1,1,1,1
1,1,1,1,1,1
1,1,1,1,1,0
1,1,1,1,1,1
1,1,1,1,1,0
1,1,1,1,1,0
1,1,1,1,1,1
1,1,1,1,1,1
1,1,1,1,1,0
1,1,1,1,1,1
1,1,1,1,1,0
1,1,1,1,1,0
0,0,1,1,1,1
1,1,1,1,1,1
0,0,1,1,1,0
1,1,1,1,1,1
1,1,1,1,1,1
1,1,1,1,1,0
1,1,1,1,1,1
1,1,1,1,1,1
1,1,1,1,1,0
1,1,1,1,1,0
1,1,1,1,1,0
1,1,1,1,1,1
0,0,1,1,1,0
1,1,1,1,1,1
1,1,1,1,1,1
1,1,1,1,1,0
1,1,1,1,1,1
0,0,1,1,1,0
1,1,1,1,1,1
1,1,1,1,1,1
1,1,1,1,1,1
1,1,1,1,1,1
1,1,1,1,1,1
1,1,1,1,1,1
1,1,1,1,1,0
1,1,1,1,1,1
1,1,1,1,1,0
1,1,1,1,1,1
0,0,1,1,1,0
1,1,1,1,1,0
1,1,1,1,1,1
1,1,1,1,1,1
1,1,1,1,1,1
1,1,1,1,1,1
1,1,1,1,1,0
0,0,1,1,1,0
1,1,1,1,1,0
0,0,1,1,1,0
1,1,1,1,1,1
1,1,1,1,1,1
1,1,1,1,1,1
1,1,1,1,1,1
1,1,1,1,1,1
1,1,1,1,1,1
0,0,1,1,1,0
1,1,1,1,1,1
1,1,1,1,1,1
0,0,1,1,1,0
0,0,1,1,1,0
1,1,1,1,1,0
1,1,1,1,1,0
1,1,1,1,1,1
1,1,1,1,1,1
1,1,1,1,1,0
1,1,1,1,1,1
1,1,1,1,1,1
1,1,1,1,1,0
1,1,1,1,1,0
1,1,1,1,1,1
1,1,1,1,1,1
1,1,1,1,1,1
1,1,1,1,1,0
0,0,1,1,1,0
1,1,1,1,1,0
1,1,1,1,1,0
1,1,1,1,1,1
1,1,1,1,1,1
1,1,1,1,1,1
1,1,1,1,1,1
1,1,1,1,1,0
1,1,1,1,1,0
1,1,1,1,1,0
1,1,1,1,1,1
1,1,1,1,1,1
1,1,1,1,1,0
1,1,1,1,1,0
1,1,1,1,1,1
1,1,1,1,1,1
1,1,1,1,1,1
1,1,1,1,1,1
1,1,1,1,1,1
1,1,1,1,1,0
1,1,1,1,1,0
1,1,1,1,1,1
1,1,1,1,1,0
1,1,1,1,1,1
0,0,1,1,1,0
1,1,1,1,1,1
1,1,1,1,1,0
1,1,1,1,1,1
1,1,1,1,1,1
1,1,1,1,1,0
0,0,1,1,1,0
1,1,1,1,1,0
1,1,1,1,1,1
1,1,1,1,1,1
1,1,1,1,1,1
0,0,1,1,1,0
1,1,1,1,1,0
1,1,1,1,1,0
1,1,1,1,1,0
1,1,1,1,1,0
1,1,1,1,1,1
1,1,1,1,1,0
0,0,1,1,1,0
1,1,1,1,1,1
1,1,1,1,1,1
1,1,1,1,1,1
1,1,1,1,1,0
1,1,1,1,1,1
1,1,1,1,1,1
1,1,1,1,1,1
1,1,1,1,1,1
0,0,1,1,1,0
1,1,1,1,1,1
1,1,1,1,1,1
1,1,1,1,1,1
0,0,1,1,1,0
1,1,1,1,1,0
1,1,1,1,1,1
1,1,1,1,1,0
1,1,1,1,1,1
0,0,1,1,1,0
1,1,1,1,1,1
1,1,1,1,1,1
1,1,1,1,1,1
1,1,1,1,1,1
1,1,1,1,1,1
1,1,1,1,1,0
1,1,1,1,1,1
1,1,1,1,1,1
1,1,1,1,1,1
1,1,1,1,1,1
1,1,1,1,1,0
1,1,1,1,1,1
1,1,1,1,1,1
1,1,1,1,1,1
1,1,1,1,1,1
1,1,1,1,1,1
1,1,1,1,1,0
1,1,1,1,1,0
1,1,1,1,1,0
1,1,1,1,1,1
1,1,1,1,1,0
1,1,1,1,1,0
1,1,1,1,1,1
1,1,1,1,1,0
1,1,1,1,1,0
1,1,1,1,1,0
1,1,1,1,1,0
1,1,1,1,1,1
1,1,1,1,1,1
1,1,1,1,1,1
1,1,1,1,1,1
1,1,1,1,1,1
1,1,1,1,1,1
1,1,1,1,1,1
1,1,1,1,1,0
1,1,1,1,1,0
1,1,1,1,1,1
1,1,1,1,1,0
1,1,1,1,1,1
0,0,1,1,1,0
0,0,1,1,1,0
1,1,1,1,1,0
0,0,1,1,1,0
1,1,1,1,1,0
1,1,1,1,1,1
1,1,1,1,1,1
1,1,1,1,1,1
0,0,1,1,1,0
1,1,1,1,1,1
1,1,1,1,1,0
1,1,1,1,1,0
1,1,1,1,1,1
1,1,1,1,1,0
1,1,1,1,1,1
1,1,1,1,1,1
1,1,1,1,1,1
1,1,1,1,1,1
1,1,1,1,1,0
1,1,1,1,1,0
1,1,1,1,1,1
1,1,1,1,1,0
1,1,1,1,1,0
1,1,1,1,1,0
1,1,1,1,1,1
1,1,1,1,1,1
1,1,1,1,1,0
1,1,1,1,1,0
1,1,1,1,1,0
1,1,1,1,1,1
1,1,1,1,1,1
1,1,1,1,1,0
1,1,1,1,1,0
0,0,1,1,1,0
1,1,1,1,1,1
1,1,1,1,1,0
1,1,1,1,1,1
1,1,1,1,1,1
1,1,1,1,1,1
1,1,1,1,1,0
1,1,1,1,1,0
1,1,1,1,1,1
1,1,1,1,1,0
1,1,1,1,1,0
1,1,1,1,1,0
1,1,1,1,1,1
1,1,1,1,1,1
1,1,1,1,1,0
1,1,1,1,1,1
1,1,1,1,1,1
1,1,1,1,1,0
1,1,1,1,1,1
1,1,1,1,1,0
1,1,1,1,1,1
1,1,1,1,1,1
1,1,1,1,1,1
1,1,1,1,1,0
1,1,1,1,1,1
1,1,1,1,1,1
1,1,1,1,1,0
1,1,1,1,1,0
1,1,1,1,1,1
0,0,1,1,1,0
1,1,1,1,1,1
1,1,1,1,1,1
1,1,1,1,1,1
1,1,1,1,1,0
1,1,1,1,1,0
1,1,1,1,1,0
1,1,1,1,1,1
1,1,1,1,1,1
1,1,1,1,1,1
1,1,1,1,1,1
1,1,1,1,1,1
0,0,1,1,1,0
1,1,1,1,1,1
1,1,1,1,1,0
1,1,1,1,1,1
1,1,1,1,1,1
1,1,1,1,1,1
1,1,1,1,1,0
1,1,1,1,1,1
1,1,1,1,1,1
0,0,1,1,1,0
1,1,1,1,1,0
1,1,1,1,1,1
1,1,1,1,1,0
1,1,1,1,1,0
1,1,1,1,1,1
1,1,1,1,1,1
1,1,1,1,1,1
1,1,1,1,1,1
1,1,1,1,1,0
1,1,1,1,1,1
1,1,1,1,1,0
1,1,1,1,1,0
1,1,1,1,1,0
1,1,1,1,1,1
1,1,1,1,1,1
1,1,1,1,1,1
1,1,1,1,1,1
1,1,1,1,1,0
1,1,1,1,1,1
1,1,1,1,1,1
1,1,1,1,1,0
1,1,1,1,1,1
1,1,1,1,1,1
1,1,1,1,1,1
1,1,1,1,1,0
1,1,1,1,1,1
0,0,1,1,1,0
1,1,1,1,1,0
1,1,1,1,1,1
1,1,1,1,1,0
1,1,1,1,1,1
1,1,1,1,1,0
1,1,1,1,1,1
1,1,1,1,1,0
1,1,1,1,1,0
0,0,1,1,1,0
1,1,1,1,1,1
1,1,1,1,1,1
1,1,1,1,1,1
1,1,1,1,1,1
1,1,1,1,1,0
1,1,1,1,1,1
1,1,1,1,1,1
0,0,1,1,1,0
1,1,1,1,1,1
1,1,1,1,1,0
1,1,1,1,1,1
1,1,1,1,1,0
1,1,1,1,1,0
1,1,1,1,1,1
1,1,1,1,1,1
1,1,1,1,1,1
1,1,1,1,1,1
1,1,1,1,1,1
1,1,1,1,1,1
1,1,1,1,1,0
0,0,1,1,1,0
1,1,1,1,1,0
1,1,1,1,1,0
1,1,1,1,1,0
1,1,1,1,1,1
1,1,1,1,1,0
1,1,1,1,1,1
0,0,1,1,1,0
1,1,1,1,1,0
1,1,1,1,1,1
1,1,1,1,1,0
1,1,1,1,1,1
1,1,1,1,1,0
1,1,1,1,1,0
0,0,1,1,1,0
1,1,1,1,1,0
1,1,1,1,1,1
1,1,1,1,1,0
1,1,1,1,1,1
1,1,1,1,1,0
1,1,1,1,1,1
1,1,1,1,1,0
0,0,1,1,1,0
0,0,1,1,1,0
1,1,1,1,1,0
1,1,1,1,1,1
1,1,1,1,1,0
1,1,1,1,1,0
1,1,1,1,1,1
1,1,1,1,1,0
1,1,1,1,1,1
1,1,1,1,1,0
1,1,1,1,1,0
1,1,1,1,1,1
1,1,1,1,1,0
1,1,1,1,1,0
1,1,1,1,1,0
1,1,1,1,1,0
1,1,1,1,1,1
1,1,1,1,1,1
1,1,1,1,1,1
1,1,1,1,1,1
0,0,1,1,1,0
1,1,1,1,1,1
1,1,1,1,1,0
1,1,1,1,1,0
1,1,1,1,1,1
1,1,1,1,1,0
1,1,1,1,1,0
1,1,1,1,1,0
1,1,1,1,1,0
0,0,1,1,1,0
1,1,1,1,1,1
1,1,1,1,1,0
1,1,1,1,1,1
1,1,1,1,1,1
1,1,1,1,1,1
0,0,1,1,1,0
1,1,1,1,1,0
0,0,1,1,1,0
1,1,1,1,1,1
1,1,1,1,1,1
1,1,1,1,1,1
1,1,1,1,1,1
1,1,1,1,1,1
1,1,1,1,1,0
1,1,1,1,1,1
1,1,1,1,1,0
1,1,1,1,1,1
1,1,1,1,1,0
1,1,1,1,1,1
1,1,1,1,1,1
1,1,1,1,1,0
1,1,1,1,1,1
0,0,1,1,1,0
1,1,1,1,1,1
1,1,1,1,1,0
1,1,1,1,1,0
1,1,1,1,1,0
1,1,1,1,1,0
1,1,1,1,1,1
1,1,1,1,1,0
1,1,1,1,1,0
1,1,1,1,1,0
1,1,1,1,1,0
1,1,1,1,1,0
1,1,1,1,1,0
1,1,1,1,1,1
1,1,1,1,1,1
1,1,1,1,1,1
1,1,1,1,1,0
1,1,1,1,1,1
1,1,1,1,1,1
1,1,1,1,1,1
1,1,1,1,1,1
0,0,1,1,1,0
1,1,1,1,1,0
1,1,1,1,1,1
1,1,1,1,1,0
0,0,1,1,1,1
1,1,1,1,1,0
1,1,1,1,1,0
1,1,1,1,1,1
1,1,1,1,1,1
1,1,1,1,1,0
1,1,1,1,1,1
1,1,1,1,1,0
1,1,1,1,1,1
1,1,1,1,1,0
1,1,1,1,1,1
1,1,1,1,1,0
1,1,1,1,1,1
1,1,1,1,1,0
1,1,1,1,1,1
1,1,1,1,1,1
1,1,1,1,1,0
1,1,1,1,1,1
1,1,1,1,1,1
1,1,1,1,1,0
1,1,1,1,1,0
1,1,1,1,1,1
1,1,1,1,1,0
1,1,1,1,1,0
1,1,1,1,1,1
1,1,1,1,1,1
1,1,1,1,1,1
1,1,1,1,1,0
1,1,1,1,1,1
1,1,1,1,1,1
1,1,1,1,1,1
1,1,1,1,1,1
1,1,1,1,1,1
1,1,1,1,1,1
1,1,1,1,1,0
1,1,1,1,1,0
1,1,1,1,1,1
1,1,1,1,1,1
1,1,1,1,1,1
1,1,1,1,1,1
1,1,1,1,1,1
1,1,1,1,1,1
1,1,1,1,1,1
1,1,1,1,1,0
1,1,1,1,1,1
1,1,1,1,1,0
1,1,1,1,1,0
1,1,1,1,1,1
1,1,1,1,1,1
1,1,1,1,1,0
1,1,1,1,1,0
1,1,1,1,1,0
1,1,1,1,1,0
0,0,1,1,1,0
0,0,1,1,1,0
1,1,1,1,1,0
1,1,1,1,1,1
1,1,1,1,1,0
1,1,1,1,1,1
1,1,1,1,1,1
1,1,1,1,1,1
0,0,1,1,1,0
1,1,1,1,1,0
1,1,1,1,1,1
1,1,1,1,1,1
1,1,1,1,1,0
1,1,1,1,1,1
1,1,1,1,1,0
0,0,1,1,1,0
1,1,1,1,1,1
0,0,1,1,1,0
1,1,1,1,1,0
1,1,1,1,1,1
1,1,1,1,1,1
1,1,1,1,1,0
1,1,1,1,1,1
1,1,1,1,1,1
0,0,1,1,1,0
1,1,1,1,1,0
1,1,1,1,1,0
1,1,1,1,1,1
1,1,1,1,1,1
1,1,1,1,1,1
1,1,1,1,1,1
1,1,1,1,1,1
1,1,1,1,1,1
1,1,1,1,1,0
1,1,1,1,1,1
1,1,1,1,1,0
1,1,1,1,1,0
1,1,1,1,1,1
1,1,1,1,1,0
1,1,1,1,1,1
1,1,1,1,1,0
1,1,1,1,1,0
1,1,1,1,1,1
1,1,1,1,1,1
1,1,1,1,1,0
0,0,1,1,1,0
1,1,1,1,1,0
0,0,1,1,1,0
1,1,1,1,1,1
1,1,1,1,1,1
1,1,1,1,1,1
1,1,1,1,1,1
0,0,1,1,1,0
1,1,1,1,1,1
0,0,1,1,1,0
1,1,1,1,1,0
1,1,1,1,1,0
0,0,1,1,1,0
1,1,1,1,1,1
1,1,1,1,1,1
1,1,1,1,1,1
1,1,1,1,1,1
1,1,1,1,1,1
0,0,1,1,1,0
1,1,1,1,1,1
0,0,1,1,1,0
1,1,1,1,1,0
1,1,1,1,1,0
1,1,1,1,1,0
0,0,1,1,1,0
0,0,1,1,1,0
1,1,1,1,1,1
1,1,1,1,1,1
1,1,1,1,1,1
1,1,1,1,1,0
1,1,1,1,1,0
1,1,1,1,1,1
1,1,1,1,1,1
1,1,1,1,1,1
1,1,1,1,1,0
1,1,1,1,1,1
1,1,1,1,1,0
1,1,1,1,1,1
1,1,1,1,1,0
1,1,1,1,1,1
1,1,1,1,1,1
1,1,1,1,1,1
1,1,1,1,1,0
1,1,1,1,1,0
0,0,1,1,1,0
1,1,1,1,1,1
0,0,1,1,1,0
1,1,1,1,1,1
1,1,1,1,1,1
1,1,1,1,1,1
1,1,1,1,1,1
1,1,1,1,1,0
1,1,1,1,1,0
1,1,1,1,1,1
1,1,1,1,1,1
0,0,1,1,1,0
1,1,1,1,1,0
1,1,1,1,1,1
1,1,1,1,1,0
1,1,1,1,1,1
1,1,1,1,1,1
1,1,1,1,1,1
1,1,1,1,1,0
1,1,1,1,1,1
1,1,1,1,1,1
0,0,1,1,1,0
1,1,1,1,1,1
0,0,1,1,1,0
1,1,1,1,1,1
1,1,1,1,1,1
1,1,1,1,1,0
1,1,1,1,1,0
0,0,1,1,1,0
1,1,1,1,1,1
1,1,1,1,1,0
1,1,1,1,1,0
1,1,1,1,1,1
1,1,1,1,1,0
1,1,1,1,1,1
1,1,1,1,1,0
1,1,1,1,1,1
1,1,1,1,1,1
1,1,1,1,1,1
1,1,1,1,1,1
0,0,1,1,1,0
1,1,1,1,1,1
1,1,1,1,1,0
1,1,1,1,1,1
1,1,1,1,1,1
1,1,1,1,1,0
1,1,1,1,1,1
1,1,1,1,1,0
1,1,1,1,1,1
1,1,1,1,1,1
0,0,1,1,1,0
1,1,1,1,1,1
1,1,1,1,1,1
1,1,1,1,1,0
1,1,1,1,1,1
1,1,1,1,1,0
1,1,1,1,1,0
1,1,1,1,1,0
1,1,1,1,1,1
1,1,1,1,1,1
1,1,1,1,1,1
1,1,1,1,1,0
1,1,1,1,1,1
1,1,1,1,1,0
1,1,1,1,1,1
1,1,1,1,1,1
1,1,1,1,1,0
1,1,1,1,1,0
1,1,1,1,1,1
1,1,1,1,1,0
1,1,1,1,1,1
1,1,1,1,1,0
1,1,1,1,1,0
1,1,1,1,1,0
0,0,1,1,1,0
1,1,1,1,1,1
1,1,1,1,1,1
1,1,1,1,1,1
1,1,1,1,1,1
1,1,1,1,1,0
1,1,1,1,1,1
1,1,1,1,1,1
0,0,1,1,1,0
1,1,1,1,1,0
1,1,1,1,1,0
1,1,1,1,1,1
0,0,1,1,1,0
1,1,1,1,1,1
1,1,1,1,1,1
1,1,1,1,1,1
1,1,1,1,1,1
1,1,1,1,1,1
1,1,1,1,1,1
1,1,1,1,1,1
1,1,1,1,1,0
1,1,1,1,1,1
1,1,1,1,1,0
1,1,1,1,1,1
0,0,1,1,1,0
1,1,1,1,1,1
1,1,1,1,1,1
1,1,1,1,1,0
1,1,1,1,1,1
1,1,1,1,1,1
1,1,1,1,1,1
1,1,1,1,1,1
1,1,1,1,1,1
1,1,1,1,1,1
1,1,1,1,1,0
1,1,1,1,1,0
1,1,1,1,1,1
1,1,1,1,1,1
1,1,1,1,1,1
1,1,1,1,1,0
1,1,1,1,1,0
1,1,1,1,1,1
1,1,1,1,1,1
1,1,1,1,1,1
1,1,1,1,1,1
1,1,1,1,1,1
1,1,1,1,1,1
0,0,1,1,1,0
1,1,1,1,1,0
1,1,1,1,1,1
1,1,1,1,1,1
0,0,1,1,1,0
1,1,1,1,1,0
1,1,1,1,1,1
1,1,1,1,1,0
1,1,1,1,1,1
0,0,1,1,1,0
0,0,1,1,1,0
1,1,1,1,1,1
1,1,1,1,1,0
1,1,1,1,1,0
1,1,1,1,1,0
1,1,1,1,1,1
1,1,1,1,1,1
1,1,1,1,1,0
1,1,1,1,1,1
1,1,1,1,1,1
1,1,1,1,1,1
1,1,1,1,1,1
0,0,1,1,1,0
0,0,1,1,1,0
1,1,1,1,1,1
1,1,1,1,1,0
1,1,1,1,1,1
1,1,1,1,1,1
1,1,1,1,1,0
1,1,1,1,1,0
1,1,1,1,1,1
1,1,1,1,1,1
1,1,1,1,1,1
0,0,1,1,1,0
1,1,1,1,1,0
1,1,1,1,1,0
1,1,1,1,1,0
1,1,1,1,1,1
1,1,1,1,1,1
1,1,1,1,1,1
1,1,1,1,1,0
1,1,1,1,1,0
1,1,1,1,1,0
0,0,1,1,1,0
1,1,1,1,1,0
1,1,1,1,1,1
1,1,1,1,1,1
1,1,1,1,1,1
1,1,1,1,1,0
0,0,1,1,1,0
1,1,1,1,1,1
1,1,1,1,1,0
1,1,1,1,1,1
1,1,1,1,1,0
1,1,1,1,1,0
1,1,1,1,1,1
1,1,1,1,1,1
0,0,1,1,1,0
1,1,1,1,1,1
1,1,1,1,1,1
1,1,1,1,1,1
1,1,1,1,1,0
0,0,1,1,1,0
1,1,1,1,1,1
1,1,1,1,1,1
1,1,1,1,1,0
1,1,1,1,1,0
1,1,1,1,1,0
1,1,1,1,1,1
1,1,1,1,1,1
1,1,1,1,1,1
1,1,1,1,1,1
1,1,1,1,1,0
1,1,1,1,1,0
1,1,1,1,1,1
1,1,1,1,1,0
1,1,1,1,1,0
1,1,1,1,1,0
1,1,1,1,1,1
1,1,1,1,1,0
1,1,1,1,1,1
1,1,1,1,1,1
1,1,1,1,1,1
0,0,1,1,1,0
1,1,1,1,1,0
1,1,1,1,1,1
1,1,1,1,1,1
1,1,1,1,1,1
1,1,1,1,1,0
1,1,1,1,1,0
1,1,1,1,1,1
1,1,1,1,1,1
1,1,1,1,1,1
1,1,1,1,1,1
1,1,1,1,1,1
0,0,1,1,1,0
1,1,1,1,1,1
1,1,1,1,1,0
0,0,1,1,1,0
1,1,1,1,1,1
1,1,1,1,1,0
1,1,1,1,1,0
1,1,1,1,1,1
1,1,1,1,1,1
1,1,1,1,1,0
1,1,1,1,1,1
1,1,1,1,1,1
1,1,1,1,1,0
1,1,1,1,1,0
1,1,1,1,1,1
1,1,1,1,1,1
0,0,1,1,1,0
1,1,1,1,1,1
1,1,1,1,1,0
1,1,1,1,1,0
1,1,1,1,1,1
1,1,1,1,1,1
1,1,1,1,1,1
1,1,1,1,1,0
1,1,1,1,1,0
1,1,1,1,1,1
1,1,1,1,1,0
1,1,1,1,1,0
1,1,1,1,1,0
1,1,1,1,1,1
1,1,1,1,1,1
1,1,1,1,1,0
1,1,1,1,1,1
1,1,1,1,1,1
0,0,1,1,1,0
1,1,1,1,1,0
1,1,1,1,1,0
1,1,1,1,1,0
0,0,1,1,1,0
1,1,1,1,1,0
1,1,1,1,1,0
1,1,1,1,1,1
1,1,1,1,1,0
1,1,1,1,1,1
1,1,1,1,1,1
1,1,1,1,1,1
1,1,1,1,1,0
1,1,1,1,1,0
1,1,1,1,1,0
1,1,1,1,1,0
1,1,1,1,1,1
1,1,1,1,1,1
1,1,1,1,1,1
1,1,1,1,1,0
1,1,1,1,1,1
1,1,1,1,1,0
1,1,1,1,1,1
1,1,1,1,1,1
0,0,1,1,1,0
0,0,1,1,1,0
1,1,1,1,1,1
1,1,1,1,1,0
1,1,1,1,1,1
1,1,1,1,1,0
1,1,1,1,1,0
1,1,1,1,1,1
1,1,1,1,1,0
1,1,1,1,1,1
1,1,1,1,1,0
1,1,1,1,1,0
1,1,1,1,1,1
1,1,1,1,1,1
1,1,1,1,1,0
1,1,1,1,1,1
1,1,1,1,1,1
1,1,1,1,1,1
1,1,1,1,1,1
1,1,1,1,1,0
1,1,1,1,1,0
1,1,1,1,1,0
0,0,1,1,1,0
1,1,1,1,1,1
1,1,1,1,1,1
1,1,1,1,1,1
1,1,1,1,1,0
0,0,1,1,1,0
1,1,1,1,1,1
1,1,1,1,1,1
1,1,1,1,1,0
1,1,1,1,1,1
1,1,1,1,1,1
0,0,1,1,1,0
1,1,1,1,1,0
1,1,1,1,1,0
1,1,1,1,1,1
0,0,1,1,1,0
1,1,1,1,1,1
1,1,1,1,1,1
1,1,1,1,1,1
0,0,1,1,1,0
1,1,1,1,1,1
1,1,1,1,1,0
1,1,1,1,1,0
1,1,1,1,1,0
1,1,1,1,1,1
0,0,1,1,1,0
1,1,1,1,1,1
0,0,1,1,1,0
1,1,1,1,1,1
0,0,1,1,1,0
1,1,1,1,1,1
1,1,1,1,1,0
0,0,1,1,1,0
1,1,1,1,1,1
1,1,1,1,1,1
1,1,1,1,1,0
1,1,1,1,1,1
1,1,1,1,1,1
1,1,1,1,1,0
1,1,1,1,1,0
1,1,1,1,1,0
1,1,1,1,1,0
1,1,1,1,1,1
1,1,1,1,1,0
1,1,1,1,1,1
1,1,1,1,1,0
1,1,1,1,1,1
1,1,1,1,1,1
1,1,1,1,1,0
1,1,1,1,1,1
1,1,1,1,1,0
1,1,1,1,1,1
1,1,1,1,1,0
0,0,1,1,1,0
1,1,1,1,1,0
1,1,1,1,1,0
1,1,1,1,1,0
1,1,1,1,1,1
1,1,1,1,1,0
1,1,1,1,1,0
1,1,1,1,1,1
1,1,1,1,1,0
0,0,1,1,1,0
1,1,1,1,1,1
1,1,1,1,1,1
0,0,1,1,1,0
1,1,1,1,1,1
0,0,1,1,1,0
1,1,1,1,1,1
1,1,1,1,1,0
1,1,1,1,1,0
1,1,1,1,1,0
0,0,1,1,1,1
1,1,1,1,1,0
1,1,1,1,1,0
1,1,1,1,1,0
1,1,1,1,1,1
1,1,1,1,1,1
1,1,1,1,1,1
1,1,1,1,1,1
1,1,1,1,1,0
1,1,1,1,1,0
1,1,1,1,1,1
1,1,1,1,1,0
1,1,1,1,1,1
1,1,1,1,1,1
1,1,1,1,1,1
1,1,1,1,1,0
1,1,1,1,1,0
1,1,1,1,1,1
1,1,1,1,1,0
1,1,1,1,1,0
1,1,1,1,1,1
1,1,1,1,1,1
1,1,1,1,1,1
1,1,1,1,1,1
1,1,1,1,1,0
1,1,1,1,1,0
1,1,1,1,1,1
1,1,1,1,1,0
1,1,1,1,1,0
1,1,1,1,1,1
1,1,1,1,1,1
1,1,1,1,1,0
1,1,1,1,1,0
1,1,1,1,1,0
1,1,1,1,1,1
1,1,1,1,1,1
1,1,1,1,1,1
1,1,1,1,1,1
1,1,1,1,1,1
1,1,1,1,1,1
1,1,1,1,1,0
1,1,1,1,1,1
1,1,1,1,1,1
1,1,1,1,1,1
1,1,1,1,1,1
1,1,1,1,1,1
1,1,1,1,1,1
0,0,1,1,1,0
1,1,1,1,1,1
1,1,1,1,1,1
1,1,1,1,1,0
1,1,1,1,1,0
1,1,1,1,1,1
1,1,1,1,1,1
1,1,1,1,1,1
1,1,1,1,1,1
1,1,1,1,1,1
0,0,1,1,1,0
1,1,1,1,1,1
1,1,1,1,1,1
1,1,1,1,1,1
1,1,1,1,1,1
1,1,1,1,1,1
1,1,1,1,1,0
1,1,1,1,1,0
1,1,1,1,1,0
1,1,1,1,1,1
1,1,1,1,1,1
1,1,1,1,1,0
1,1,1,1,1,0
1,1,1,1,1,1
1,1,1,1,1,1
1,1,1,1,1,1
1,1,1,1,1,0
1,1,1,1,1,1
1,1,1,1,1,0
1,1,1,1,1,0
1,1,1,1,1,0
1,1,1,1,1,0
1,1,1,1,1,1
1,1,1,1,1,0
1,1,1,1,1,1
1,1,1,1,1,1
0,0,1,1,1,0
1,1,1,1,1,1
0,0,1,1,1,0
1,1,1,1,1,1
0,0,1,1,1,0
1,1,1,1,1,0
1,1,1,1,1,1
1,1,1,1,1,1
1,1,1,1,1,0
1,1,1,1,1,0
1,1,1,1,1,0
0,0,1,1,1,0
1,1,1,1,1,1
1,1,1,1,1,0
1,1,1,1,1,1
1,1,1,1,1,1
1,1,1,1,1,1
1,1,1,1,1,1
1,1,1,1,1,1
1,1,1,1,1,0
1,1,1,1,1,1
1,1,1,1,1,0
1,1,1,1,1,1
1,1,1,1,1,1
1,1,1,1,1,1
0,0,1,1,1,0
1,1,1,1,1,1
1,1,1,1,1,1
1,1,1,1,1,1
1,1,1,1,1,1
0,0,1,1,1,0
1,1,1,1,1,0
1,1,1,1,1,0
1,1,1,1,1,1
1,1,1,1,1,1
1,1,1,1,1,0
1,1,1,1,1,0
1,1,1,1,1,0
1,1,1,1,1,0
1,1,1,1,1,0
1,1,1,1,1,1
1,1,1,1,1,1
1,1,1,1,1,1
1,1,1,1,1,0
1,1,1,1,1,0
1,1,1,1,1,0
1,1,1,1,1,1
1,1,1,1,1,0
1,1,1,1,1,0
1,1,1,1,1,1
1,1,1,1,1,0
1,1,1,1,1,1
1,1,1,1,1,1
1,1,1,1,1,1
1,1,1,1,1,1
1,1,1,1,1,1
1,1,1,1,1,1
1,1,1,1,1,1
1,1,1,1,1,1
1,1,1,1,1,0
1,1,1,1,1,1
1,1,1,1,1,0
1,1,1,1,1,1
1,1,1,1,1,0
1,1,1,1,1,0
1,1,1,1,1,1
1,1,1,1,1,1
1,1,1,1,1,0
1,1,1,1,1,0
0,0,1,1,1,0
1,1,1,1,1,0
1,1,1,1,1,1
1,1,1,1,1,1
1,1,1,1,1,1
0,0,1,1,1,0
1,1,1,1,1,0
1,1,1,1,1,0
1,1,1,1,1,1
1,1,1,1,1,1
1,1,1,1,1,1
1,1,1,1,1,1
1,1,1,1,1,1
1,1,1,1,1,0
1,1,1,1,1,0
1,1,1,1,1,0
1,1,1,1,1,1
1,1,1,1,1,1
1,1,1,1,1,1
1,1,1,1,1,0
1,1,1,1,1,0
0,0,1,1,1,0
1,1,1,1,1,0
1,1,1,1,1,1
1,1,1,1,1,1
1,1,1,1,1,0
1,1,1,1,1,0
1,1,1,1,1,1
1,1,1,1,1,1
1,1,1,1,1,1
1,1,1,1,1,1
1,1,1,1,1,0
1,1,1,1,1,0
1,1,1,1,1,0
1,1,1,1,1,0
1,1,1,1,1,1
1,1,1,1,1,0
0,0,1,1,1,0
0,0,1,1,1,0
1,1,1,1,1,1
1,1,1,1,1,0
1,1,1,1,1,1
1,1,1,1,1,1
1,1,1,1,1,0
1,1,1,1,1,0
1,1,1,1,1,1
1,1,1,1,1,1
1,1,1,1,1,1
1,1,1,1,1,1
1,1,1,1,1,0
1,1,1,1,1,1
1,1,1,1,1,0
1,1,1,1,1,0
1,1,1,1,1,0
1,1,1,1,1,0
1,1,1,1,1,1
1,1,1,1,1,0
1,1,1,1,1,1
1,1,1,1,1,1
1,1,1,1,1,1
1,1,1,1,1,0
1,1,1,1,1,1
1,1,1,1,1,0
1,1,1,1,1,0
0,0,1,1,1,0
1,1,1,1,1,1
1,1,1,1,1,0
1,1,1,1,1,1
1,1,1,1,1,0
1,1,1,1,1,1
0,0,1,1,1,0
1,1,1,1,1,0
1,1,1,1,1,0
0,0,1,1,1,0
1,1,1,1,1,0
1,1,1,1,1,0
1,1,1,1,1,0
0,0,1,1,1,0
1,1,1,1,1,0
1,1,1,1,1,0
1,1,1,1,1,1
1,1,1,1,1,1
1,1,1,1,1,1
1,1,1,1,1,0
1,1,1,1,1,1
1,1,1,1,1,0
1,1,1,1,1,0
1,1,1,1,1,0
1,1,1,1,1,1
1,1,1,1,1,0
1,1,1,1,1,1
1,1,1,1,1,1
1,1,1,1,1,1
1,1,1,1,1,0
1,1,1,1,1,0
1,1,1,1,1,0
1,1,1,1,1,0
1,1,1,1,1,1
1,1,1,1,1,0
0,0,1,1,1,0
1,1,1,1,1,1
1,1,1,1,1,0
1,1,1,1,1,1
1,1,1,1,1,1
1,1,1,1,1,1
1,1,1,1,1,0
1,1,1,1,1,0
1,1,1,1,1,0
1,1,1,1,1,1
1,1,1,1,1,1
1,1,1,1,1,0
1,1,1,1,1,1
1,1,1,1,1,1
1,1,1,1,1,1
0,0,1,1,1,0
1,1,1,1,1,0
1,1,1,1,1,0
1,1,1,1,1,1
1,1,1,1,1,1
1,1,1,1,1,0
1,1,1,1,1,1
1,1,1,1,1,1
1,1,1,1,1,1
0,0,1,1,1,0
1,1,1,1,1,0
1,1,1,1,1,1
1,1,1,1,1,1
1,1,1,1,1,1
1,1,1,1,1,1
1,1,1,1,1,1
1,1,1,1,1,0
1,1,1,1,1,0
1,1,1,1,1,1
1,1,1,1,1,1
1,1,1,1,1,0
1,1,1,1,1,0
1,1,1,1,1,0
1,1,1,1,1,1
1,1,1,1,1,1
1,1,1,1,1,0
1,1,1,1,1,1
1,1,1,1,1,1
1,1,1,1,1,1
1,1,1,1,1,0
1,1,1,1,1,1
1,1,1,1,1,1
0,0,1,1,1,0
1,1,1,1,1,0
1,1,1,1,1,1
1,1,1,1,1,0
1,1,1,1,1,0
1,1,1,1,1,0
1,1,1,1,1,0
1,1,1,1,1,0
0,0,1,1,1,0
1,1,1,1,1,1
1,1,1,1,1,0
1,1,1,1,1,1
1,1,1,1,1,0
1,1,1,1,1,1
1,1,1,1,1,0
1,1,1,1,1,1
1,1,1,1,1,1
1,1,1,1,1,0
1,1,1,1,1,0
1,1,1,1,1,1
0,0,1,1,1,0
1,1,1,1,1,0
1,1,1,1,1,0
1,1,1,1,1,1
1,1,1,1,1,1
1,1,1,1,1,0
1,1,1,1,1,0
1,1,1,1,1,0
1,1,1,1,1,0
1,1,1,1,1,0
1,1,1,1,1,1
1,1,1,1,1,1
1,1,1,1,1,1
1,1,1,1,1,1
1,1,1,1,1,1
1,1,1,1,1,1
1,1,1,1,1,1
1,1,1,1,1,0
1,1,1,1,1,1
1,1,1,1,1,1
1,1,1,1,1,1
1,1,1,1,1,0
1,1,1,1,1,1
1,1,1,1,1,1
1,1,1,1,1,1
1,1,1,1,1,1
0,0,1,1,1,0
1,1,1,1,1,1
1,1,1,1,1,0
1,1,1,1,1,0
1,1,1,1,1,1
1,1,1,1,1,0
1,1,1,1,1,0
1,1,1,1,1,1
1,1,1,1,1,0
1,1,1,1,1,1
1,1,1,1,1,0
1,1,1,1,1,0
1,1,1,1,1,1
1,1,1,1,1,1
1,1,1,1,1,1
1,1,1,1,1,1
1,1,1,1,1,1
1,1,1,1,1,1
1,1,1,1,1,0
1,1,1,1,1,1
1,1,1,1,1,0
1,1,1,1,1,0
1,1,1,1,1,1
1,1,1,1,1,1
1,1,1,1,1,0
1,1,1,1,1,0
1,1,1,1,1,0
1,1,1,1,1,1
1,1,1,1,1,0
1,1,1,1,1,1
1,1,1,1,1,0
1,1,1,1,1,0
1,1,1,1,1,0
1,1,1,1,1,1
0,0,1,1,1,0
1,1,1,1,1,1
1,1,1,1,1,0
1,1,1,1,1,1
1,1,1,1,1,0
1,1,1,1,1,0
1,1,1,1,1,0
1,1,1,1,1,1
1,1,1,1,1,1
1,1,1,1,1,0
1,1,1,1,1,0
1,1,1,1,1,1
1,1,1,1,1,1
1,1,1,1,1,0
1,1,1,1,1,0
1,1,1,1,1,1
1,1,1,1,1,0
1,1,1,1,1,0
1,1,1,1,1,0
1,1,1,1,1,0
1,1,1,1,1,0
1,1,1,1,1,0
1,1,1,1,1,0
1,1,1,1,1,0
1,1,1,1,1,0
1,1,1,1,1,1
1,1,1,1,1,0
0,0,1,1,1,0
0,0,1,1,1,0
1,1,1,1,1,1
1,1,1,1,1,1
1,1,1,1,1,1
1,1,1,1,1,1
0,0,1,1,1,0
1,1,1,1,1,1
1,1,1,1,1,0
1,1,1,1,1,0
1,1,1,1,1,0
1,1,1,1,1,0
1,1,1,1,1,1
1,1,1,1,1,0
1,1,1,1,1,1
1,1,1,1,1,0
1,1,1,1,1,0
1,1,1,1,1,1
1,1,1,1,1,1
1,1,1,1,1,0
1,1,1,1,1,0
1,1,1,1,1,0
1,1,1,1,1,0
1,1,1,1,1,1
1,1,1,1,1,0
1,1,1,1,1,1
1,1,1,1,1,1
1,1,1,1,1,1
1,1,1,1,1,0
1,1,1,1,1,1
1,1,1,1,1,0
1,1,1,1,1,1
1,1,1,1,1,0
1,1,1,1,1,0
1,1,1,1,1,0
1,1,1,1,1,1
1,1,1,1,1,1
1,1,1,1,1,0
1,1,1,1,1,1
1,1,1,1,1,0
1,1,1,1,1,1
1,1,1,1,1,1
1,1,1,1,1,1
0,0,1,1,1,0
1,1,1,1,1,1
0,0,1,1,1,0
1,1,1,1,1,1
1,1,1,1,1,0
1,1,1,1,1,0
1,1,1,1,1,1
1,1,1,1,1,0
1,1,1,1,1,1
1,1,1,1,1,1
1,1,1,1,1,0
1,1,1,1,1,1
1,1,1,1,1,0
1,1,1,1,1,0
1,1,1,1,1,0
0,0,1,1,1,0
1,1,1,1,1,1
0,0,1,1,1,0
1,1,1,1,1,0
1,1,1,1,1,0
1,1,1,1,1,0
1,1,1,1,1,0
1,1,1,1,1,0
1,1,1,1,1,0
1,1,1,1,1,1
1,1,1,1,1,0
1,1,1,1,1,1
0,0,1,1,1,0
1,1,1,1,1,0
1,1,1,1,1,1
1,1,1,1,1,1
1,1,1,1,1,1
1,1,1,1,1,1
0,0,1,1,1,0
1,1,1,1,1,0
1,1,1,1,1,1
1,1,1,1,1,0
1,1,1,1,1,1
1,1,1,1,1,0
1,1,1,1,1,1
1,1,1,1,1,0
1,1,1,1,1,1
1,1,1,1,1,0
1,1,1,1,1,1
1,1,1,1,1,1
1,1,1,1,1,0
1,1,1,1,1,1
1,1,1,1,1,0
1,1,1,1,1,1
1,1,1,1,1,0
1,1,1,1,1,0
1,1,1,1,1,1
1,1,1,1,1,0
1,1,1,1,1,1
1,1,1,1,1,1
1,1,1,1,1,0
1,1,1,1,1,1
0,0,1,1,1,0
1,1,1,1,1,0
1,1,1,1,1,0
1,1,1,1,1,0
0,0,1,1,1,0
1,1,1,1,1,1
1,1,1,1,1,0
1,1,1,1,1,1
0,0,1,1,1,0
1,1,1,1,1,0
1,1,1,1,1,0
1,1,1,1,1,1
1,1,1,1,1,0
1,1,1,1,1,1
1,1,1,1,1,1
1,1,1,1,1,0
1,1,1,1,1,0
1,1,1,1,1,1
1,1,1,1,1,0
1,1,1,1,1,1
1,1,1,1,1,1
1,1,1,1,1,1
1,1,1,1,1,1
0,0,1,1,1,0
1,1,1,1,1,1
1,1,1,1,1,1
0,0,1,1,1,0
1,1,1,1,1,0
1,1,1,1,1,0
1,1,1,1,1,1
1,1,1,1,1,0
1,1,1,1,1,1
1,1,1,1,1,1
1,1,1,1,1,0
1,1,1,1,1,1
1,1,1,1,1,1
1,1,1,1,1,1
1,1,1,1,1,1
1,1,1,1,1,1
1,1,1,1,1,1
1,1,1,1,1,0
1,1,1,1,1,0
1,1,1,1,1,0
1,1,1,1,1,1
1,1,1,1,1,0
1,1,1,1,1,0
1,1,1,1,1,0
1,1,1,1,1,0
1,1,1,1,1,0
1,1,1,1,1,1
1,1,1,1,1,1
1,1,1,1,1,1
1,1,1,1,1,1
1,1,1,1,1,0
1,1,1,1,1,0
1,1,1,1,1,0
1,1,1,1,1,0
1,1,1,1,1,0
1,1,1,1,1,1
1,1,1,1,1,1
1,1,1,1,1,1
1,1,1,1,1,1
1,1,1,1,1,0
1,1,1,1,1,1
1,1,1,1,1,1
1,1,1,1,1,1
1,1,1,1,1,0
1,1,1,1,1,1
1,1,1,1,1,1
1,1,1,1,1,1
1,1,1,1,1,0
1,1,1,1,1,0
1,1,1,1,1,0
1,1,1,1,1,1
1,1,1,1,1,0
1,1,1,1,1,0
1,1,1,1,1,1
1,1,1,1,1,0
1,1,1,1,1,0
1,1,1,1,1,0
1,1,1,1,1,1
1,1,1,1,1,0
1,1,1,1,1,0
0,0,1,1,1,0
1,1,1,1,1,0
1,1,1,1,1,1
1,1,1,1,1,0
1,1,1,1,1,1
1,1,1,1,1,1
1,1,1,1,1,1
1,1,1,1,1,0
1,1,1,1,1,1
1,1,1,1,1,1
1,1,1,1,1,0
1,1,1,1,1,1
1,1,1,1,1,0
1,1,1,1,1,1
1,1,1,1,1,0
1,1,1,1,1,1
0,0,1,1,1,0
0,0,1,1,1,0
1,1,1,1,1,0
1,1,1,1,1,1
1,1,1,1,1,0
1,1,1,1,1,1
1,1,1,1,1,1
1,1,1,1,1,0
1,1,1,1,1,1
1,1,1,1,1,0
1,1,1,1,1,1
1,1,1,1,1,0
1,1,1,1,1,0
1,1,1,1,1,1
1,1,1,1,1,1
1,1,1,1,1,1
1,1,1,1,1,0
1,1,1,1,1,1
0,0,1,1,1,0
1,1,1,1,1,1
1,1,1,1,1,1
1,1,1,1,1,0
1,1,1,1,1,0
1,1,1,1,1,0
1,1,1,1,1,0
0,0,1,1,1,0
1,1,1,1,1,1
1,1,1,1,1,0
1,1,1,1,1,1
1,1,1,1,1,0
1,1,1,1,1,1
1,1,1,1,1,0
0,0,1,1,1,0
1,1,1,1,1,1
1,1,1,1,1,1
1,1,1,1,1,0
0,0,1,1,1,0
1,1,1,1,1,1
1,1,1,1,1,0
1,1,1,1,1,0
1,1,1,1,1,1
1,1,1,1,1,0
1,1,1,1,1,1
1,1,1,1,1,1
1,1,1,1,1,0
1,1,1,1,1,1
1,1,1,1,1,1
1,1,1,1,1,0
1,1,1,1,1,0
1,1,1,1,1,0
1,1,1,1,1,1
1,1,1,1,1,0
1,1,1,1,1,1
1,1,1,1,1,0
1,1,1,1,1,1
1,1,1,1,1,0
1,1,1,1,1,0
1,1,1,1,1,0
1,1,1,1,1,1
1,1,1,1,1,0
1,1,1,1,1,1
1,1,1,1,1,0
1,1,1,1,1,1
1,1,1,1,1,0
1,1,1,1,1,1
1,1,1,1,1,1
1,1,1,1,1,1
1,1,1,1,1,0
1,1,1,1,1,0
1,1,1,1,1,0
0,0,1,1,1,0
1,1,1,1,1,1
1,1,1,1,1,0
1,1,1,1,1,1
1,1,1,1,1,0
1,1,1,1,1,0
1,1,1,1,1,1
1,1,1,1,1,0
1,1,1,1,1,1
1,1,1,1,1,1
1,1,1,1,1,1
0,0,1,1,1,0
1,1,1,1,1,1
1,1,1,1,1,0
1,1,1,1,1,0
1,1,1,1,1,1
1,1,1,1,1,1
0,0,1,1,1,0
1,1,1,1,1,1
1,1,1,1,1,0
1,1,1,1,1,1
0,0,1,1,1,0
1,1,1,1,1,0
1,1,1,1,1,1
1,1,1,1,1,1
1,1,1,1,1,0
1,1,1,1,1,0
0,0,1,1,1,0
1,1,1,1,1,1
1,1,1,1,1,1
1,1,1,1,1,0
1,1,1,1,1,1
1,1,1,1,1,1
0,0,1,1,1,0
1,1,1,1,1,1
1,1,1,1,1,0
1,1,1,1,1,1
1,1,1,1,1,0
1,1,1,1,1,1
0,0,1,1,1,0
1,1,1,1,1,0
1,1,1,1,1,0
1,1,1,1,1,0
1,1,1,1,1,0
1,1,1,1,1,1
1,1,1,1,1,1
1,1,1,1,1,1
1,1,1,1,1,1
1,1,1,1,1,0
1,1,1,1,1,1
1,1,1,1,1,1
1,1,1,1,1,0
1,1,1,1,1,0
1,1,1,1,1,1
0,0,1,1,1,0
0,1,1,1,1,1
1,1,1,1,1,1
1,1,1,1,1,0
0,0,1,1,1,0
1,1,1,1,1,1
1,1,1,1,1,1
1,1,1,1,1,0
1,1,1,1,1,1
1,1,1,1,1,1
1,1,1,1,1,1
1,1,1,1,1,1
1,1,1,1,1,1
1,1,1,1,1,1
1,1,1,1,1,0
1,1,1,1,1,1
1,1,1,1,1,0
1,1,1,1,1,0
0,0,1,1,1,0
0,0,1,1,1,0
1,1,1,1,1,0
0,0,1,1,1,0
0,0,1,1,1,0
1,1,1,1,1,1
0,0,1,1,1,0
1,1,1,1,1,0
1,1,1,1,1,1
1,1,1,1,1,1
1,1,1,1,1,0
1,1,1,1,1,0
1,1,1,1,1,1
0,0,1,1,1,0
1,1,1,1,1,1
1,1,1,1,1,0
1,1,1,1,1,1
1,1,1,1,1,1
1,1,1,1,1,1
1,1,1,1,1,1
1,1,1,1,1,1
1,1,1,1,1,0
1,1,1,1,1,1
1,1,1,1,1,1
1,1,1,1,1,0
1,1,1,1,1,1
1,1,1,1,1,0
0,0,1,1,1,0
1,1,1,1,1,1
1,1,1,1,1,0
0,0,1,1,1,0
1,1,1,1,1,0
1,1,1,1,1,1
1,1,1,1,1,1
1,1,1,1,1,0
1,1,1,1,1,0
1,1,1,1,1,0
1,1,1,1,1,0
0,0,1,1,1,0
1,1,1,1,1,0
1,1,1,1,1,1
0,0,1,1,1,0
0,0,1,1,1,0
1,1,1,1,1,1
1,1,1,1,1,0
0,0,1,1,1,0
1,1,1,1,1,1
1,1,1,1,1,0
1,1,1,1,1,1
1,1,1,1,1,0
1,1,1,1,1,0
0,0,1,1,1,0
1,1,1,1,1,1
1,1,1,1,1,1
1,1,1,1,1,1
1,1,1,1,1,0
1,1,1,1,1,1
1,1,1,1,1,1
1,1,1,1,1,0
1,1,1,1,1,1
1,1,1,1,1,1
1,1,1,1,1,1
1,1,1,1,1,1
1,1,1,1,1,0
1,1,1,1,1,0
1,1,1,1,1,0
0,0,1,1,1,0
1,1,1,1,1,1
1,1,1,1,1,0
1,1,1,1,1,0
1,1,1,1,1,0
1,1,1,1,1,1
1,1,1,1,1,1
1,1,1,1,1,0
1,1,1,1,1,0
1,1,1,1,1,1
1,1,1,1,1,0
0,0,1,1,1,0
1,1,1,1,1,0
1,1,1,1,1,0
1,1,1,1,1,0
1,1,1,1,1,1
0,0,1,1,1,0
0,0,1,1,1,0
1,1,1,1,1,1
1,1,1,1,1,0
1,1,1,1,1,0
1,1,1,1,1,1
1,1,1,1,1,1
0,0,1,1,1,0
1,1,1,1,1,1
1,1,1,1,1,1
0,0,1,1,1,0
1,1,1,1,1,0
1,1,1,1,1,0
0,0,1,1,1,0
1,1,1,1,1,1
1,1,1,1,1,1
1,1,1,1,1,0
1,1,1,1,1,1
1,1,1,1,1,1
0,0,1,1,1,0
1,1,1,1,1,0
1,1,1,1,1,0
1,1,1,1,1,1
1,1,1,1,1,1
1,1,1,1,1,0
1,1,1,1,1,0
1,1,1,1,1,0
1,1,1,1,1,0
1,1,1,1,1,1
1,1,1,1,1,1
1,1,1,1,1,0
1,1,1,1,1,1
1,1,1,1,1,0
1,1,1,1,1,0
0,0,1,1,1,0
1,1,1,1,1,1
1,1,1,1,1,1
1,1,1,1,1,0
1,1,1,1,1,0
1,1,1,1,1,1
0,0,1,1,1,0
1,1,1,1,1,1
1,1,1,1,1,1
1,1,1,1,1,1
1,1,1,1,1,1
0,0,1,1,1,1
1,1,1,1,1,1
1,1,1,1,1,1
1,1,1,1,1,1
1,1,1,1,1,1
1,1,1,1,1,1
0,0,1,1,1,1
1,1,1,1,1,1
1,1,1,1,1,1
0,0,1,1,1,1
1,1,1,1,1,1
1,1,1,1,1,1
1,1,1,1,1,1
1,1,1,1,1,1
1,1,1,1,1,1
0,0,1,1,1,1
1,1,1,1,1,1
0,1,1,1,1,1
0,0,1,1,1,1
1,1,1,1,1,1
0,0,1,1,1,1
1,1,1,1,1,1
1,1,1,1,1,1
1,1,1,1,1,1
1,1,1,1,1,1
1,1,1,1,1,1
1,1,1,1,1,1
1,1,1,1,1,1
1,1,1,1,1,1
0,0,1,1,1,1
0,0,1,1,1,1
1,1,1,1,1,1
1,1,1,1,1,1
1,1,1,1,1,1
1,1,1,1,1,1
1,1,1,1,1,1
1,1,1,1,1,1
1,1,1,1,1,1
1,1,1,1,1,1
1,1,1,1,1,1
1,1,1,1,1,1
1,1,1,1,1,1
0,0,1,1,1,1
0,0,1,1,1,1
1,1,1,1,1,1
1,1,1,1,1,1
1,1,1,1,1,1
1,1,1,1,1,1
1,1,1,1,1,1
1,1,1,1,1,1
0,0,1,1,1,1
1,1,1,1,1,1
1,1,1,1,1,1
1,1,1,1,1,1
1,1,1,1,1,1
1,1,1,1,1,1
0,0,1,1,1,1
1,1,1,1,1,1
0,0,1,1,1,1
1,1,1,1,1,1
0,0,1,1,1,1
1,1,1,1,1,1
1,1,1,1,1,1
1,1,1,1,1,1
1,1,1,1,1,1
1,1,1,1,1,1
0,0,1,1,1,1
0,0,1,1,1,1
1,1,1,1,1,1
1,1,1,1,1,1
1,1,1,1,1,1
1,1,1,1,1,1
1,1,1,1,1,1
1,1,1,1,1,1
1,1,1,1,1,1
0,0,1,1,1,1
1,1,1,1,1,1
1,1,1,1,1,1
1,1,1,1,1,1
1,1,1,1,1,1
1,1,1,1,1,1
1,1,1,1,1,1
1,1,1,1,1,1
1,1,1,1,1,1
1,1,1,1,1,1
0,0,1,1,1,1
1,1,1,1,1,1
1,1,1,1,1,1
1,1,1,1,1,1
0,0,1,1,1,1
1,1,1,1,1,1
1,1,1,1,1,1
1,1,1,1,1,1
0,0,1,1,1,1
1,1,1,1,1,1
1,1,1,1,1,1
0,0,1,1,1,1
1,1,1,1,1,1
1,1,1,1,1,1
1,1,1,1,1,1
1,1,1,1,1,1
1,1,1,1,1,1
1,1,1,1,1,1
1,1,1,1,1,1
1,1,1,1,1,1
1,1,1,1,1,1
1,1,1,1,1,1
1,1,1,1,1,1
1,1,1,1,1,1
0,0,1,1,1,1
1,1,1,1,1,1
1,1,1,1,1,1
1,1,1,1,1,1
0,0,1,1,1,1
0,0,1,1,1,1
1,1,1,1,1,1
1,1,1,1,1,1
1,1,1,1,1,1
1,1,1,1,1,1
1,1,1,1,1,1
1,1,1,1,1,1
0,0,1,1,1,1
1,1,1,1,1,1
0,0,1,1,1,1
1,1,1,1,1,1
1,1,1,1,1,1
1,1,1,1,1,1
1,1,1,1,1,1
1,1,1,1,1,1
1,1,1,1,1,1
1,1,1,1,1,1
0,0,1,1,1,1
0,0,1,1,1,1
1,1,1,1,1,1
0,0,1,1,1,1
1,1,1,1,1,1
1,1,1,1,1,1
1,1,1,1,1,1
0,0,1,1,1,1
1,1,1,1,1,1
0,0,1,1,0,1
1,1,1,1,1,1
0,0,1,1,1,1
1,1,1,1,1,1
1,1,1,1,1,1
1,1,1,1,1,1
1,1,1,1,1,1
1,1,1,1,1,1
1,1,1,1,1,1
1,1,1,1,1,1
1,1,1,1,1,1
1,1,1,1,1,1
0,0,1,1,1,1
1,1,1,1,1,1
1,1,1,1,1,1
1,1,1,1,1,1
1,1,1,1,1,1
1,1,1,1,1,1
1,1,1,1,1,1
1,1,1,1,1,1
1,1,1,1,1,1
1,1,1,1,1,1
1,1,1,1,1,1
1,1,1,1,1,1
1,1,1,1,1,1
1,1,1,1,1,1
1,1,1,1,1,1
1,1,1,1,1,1
1,1,1,1,1,1
1,1,1,1,1,1
0,0,1,1,1,1
1,1,1,1,1,1
0,0,1,1,1,1
1,1,1,1,1,1
0,0,1,1,1,1
1,1,1,1,1,1
1,1,1,1,1,1
1,1,1,1,1,1
0,0,1,1,1,1
1,1,1,1,1,1
0,0,1,1,1,1
1,1,1,1,1,1
0,0,1,1,1,1
1,1,1,1,1,1
1,1,1,1,1,1
1,1,1,1,1,1
1,1,1,1,1,1
1,1,1,1,1,1
0,0,1,1,1,1
1,1,1,1,1,1
1,1,1,1,1,1
1,1,1,1,1,1
0,0,1,1,1,1
1,1,1,1,1,1
0,0,1,1,1,1
1,1,1,1,1,1
0,0,1,1,1,1
1,1,1,1,1,1
1,1,1,1,1,1
1,1,1,1,1,1
1,1,1,1,1,1
1,1,1,1,1,1
1,1,1,1,1,1
1,1,1,1,1,1
0,0,1,1,1,1
1,1,1,1,1,1
1,1,1,1,1,1
0,0,1,1,1,1
1,1,1,1,1,1
1,1,1,1,1,1
0,0,0,1,1,1
1,1,1,1,1,1
1,1,1,1,1,1
1,1,1,1,1,1
0,0,1,1,1,1
0,0,1,1,1,1
1,1,1,1,1,1
1,1,1,1,1,1
1,1,1,1,1,1
1,1,1,1,1,1
1,1,1,1,1,1
0,0,0,0,0,1
0,0,1,1,1,1
1,1,1,1,1,1
1,1,1,1,1,1
1,1,1,1,1,1
1,1,1,1,1,1
0,0,1,1,1,1
0,0,0,1,1,1
1,1,1,1,1,1
1,1,1,1,1,1
1,1,1,1,1,1
1,1,1,1,1,1
1,1,1,1,1,1
1,1,1,1,1,1
1,1,1,1,1,1
1,1,1,1,1,1
0,0,1,1,1,1
1,1,1,1,1,1
1,1,1,1,1,1
1,1,1,1,1,1
1,1,1,1,1,1
1,1,1,1,1,1
1,1,1,1,1,1
1,1,1,1,1,1
0,0,1,1,1,1
0,0,1,1,1,1
1,1,1,1,1,1
1,1,1,1,1,1
1,1,1,1,1,1
0,0,1,1,1,1
1,1,1,1,1,1
1,1,1,1,1,1
1,1,1,1,1,1
1,1,1,1,1,1
0,0,1,1,1,1
1,1,1,1,1,1
1,1,1,1,1,1
1,1,1,1,1,1
1,1,1,1,1,1
1,1,1,1,1,1
1,1,1,1,1,1
1,1,1,1,1,1
1,1,1,1,1,1
1,1,1,1,1,1
0,0,1,1,1,1
0,0,1,1,1,1
1,1,1,1,1,1
1,1,1,1,1,1
1,1,1,1,1,1
1,1,1,1,1,1
1,1,1,1,1,1
0,0,1,1,1,1
1,1,1,1,1,1
1,1,1,1,1,1
1,1,1,1,1,1
1,1,1,1,1,1
1,1,1,1,1,1
1,1,1,1,1,1
1,1,1,1,1,1
0,0,1,1,1,1
1,1,1,1,1,1
1,1,1,1,1,1
1,1,1,1,1,1
1,1,1,1,1,1
1,1,1,1,1,1
0,0,1,1,1,1
1,1,1,1,1,1
1,1,1,1,1,1
1,1,1,1,1,1
0,0,1,1,1,1
0,0,1,1,1,1
1,1,1,1,1,1
1,1,1,1,1,1
1,1,1,1,1,1
1,1,1,1,1,1
1,1,1,1,1,1
0,0,1,1,1,1
1,1,1,1,1,1
1,1,1,1,1,1
1,1,1,1,1,1
1,1,1,1,1,1
0,0,1,1,1,1
1,1,1,1,1,1
1,1,1,1,1,1
0,0,1,1,1,1
1,1,1,1,1,1
1,1,1,1,1,1
1,1,1,1,1,1
1,1,1,1,1,1
1,1,1,1,1,1
1,1,1,1,1,1
1,1,1,1,1,1
0,0,1,1,1,1
1,1,1,1,1,1
1,1,1,1,1,1
0,0,1,1,1,1
1,1,1,1,1,1
1,1,1,1,1,1
1,1,1,1,1,1
1,1,1,1,1,1
0,0,1,1,1,1
1,1,1,1,1,1
0,0,1,1,1,1
1,1,1,1,1,1
1,1,1,1,1,1
1,1,1,1,1,1
1,1,1,1,1,1
1,1,1,1,1,1
1,1,1,1,1,1
1,1,1,1,1,1
1,1,1,1,1,1
1,1,1,1,1,1
1,1,1,1,1,1
1,1,1,1,1,1
0,0,1,1,1,1
1,1,1,1,1,1
0,0,1,1,1,1
1,1,1,1,1,1
1,1,1,1,1,1
1,1,1,1,1,1
0,0,1,1,1,1
1,1,1,1,1,1
1,1,1,1,1,1
0,0,1,1,1,1
0,0,1,1,1,1
1,1,1,1,1,1
1,1,1,1,1,1
1,1,1,1,1,1
0,0,1,1,1,1
1,1,1,1,1,1
1,1,1,1,1,1
1,1,1,1,1,1
1,1,1,1,1,1
1,1,1,1,1,1
0,0,1,1,1,1
1,1,1,1,1,1
0,0,1,0,0,1
0,0,1,1,1,1
1,1,1,1,1,1
1,1,1,1,1,1
1,1,1,1,1,1
1,1,1,1,1,1
1,1,1,1,1,1
0,0,1,1,1,1
1,1,1,1,1,1
1,1,1,1,1,1
1,1,1,1,1,1
1,1,1,1,1,1
1,1,1,1,1,1
1,1,1,1,1,1
1,1,1,1,1,1
1,1,1,1,1,1
0,0,1,0,0,1
1,1,1,1,1,1
1,1,1,1,1,1
1,1,1,1,1,1
0,0,1,1,1,1
1,1,1,1,1,1
1,1,1,1,1,1
1,1,1,1,1,1
1,1,1,1,1,1
1,1,1,1,1,1
1,1,1,1,1,1
1,1,1,1,1,1
1,1,1,1,1,1
1,1,1,1,1,1
0,0,1,1,1,1
0,0,1,1,1,1
1,1,1,1,1,1
1,1,1,1,1,1
1,1,1,1,1,1
0,0,1,1,1,1
0,0,1,1,1,1
1,1,1,1,1,1
1,1,1,1,1,1
1,1,1,1,1,1
1,1,1,1,1,1
1,1,1,1,1,1
1,1,1,1,1,1
1,1,1,1,1,1
0,0,1,1,0,1
1,1,1,1,1,1
1,1,1,1,1,1
1,1,1,1,1,1
1,1,1,1,1,1
1,1,1,1,1,1
1,1,1,1,1,1
1,1,1,1,1,1
1,1,1,1,1,1
1,1,1,1,1,1
1,1,1,1,1,1
1,1,1,1,1,1
0,0,1,1,1,1
0,0,1,1,1,1
0,0,1,1,1,1
1,1,1,1,1,1
0,0,1,1,1,1
1,1,1,1,1,1
1,1,1,1,1,1
1,1,1,1,1,1
1,1,1,1,1,1
1,1,1,1,1,1
0,0,1,1,1,1
1,1,1,1,1,1
1,1,1,1,1,1
1,1,1,1,1,1
1,1,1,1,1,1
1,1,1,1,1,1
1,1,1,1,1,1
0,0,1,1,1,1
1,1,1,1,1,1
1,1,1,1,1,1
1,1,1,1,1,1
1,1,1,1,1,1
0,0,1,1,1,1
1,1,1,1,1,1
0,0,1,1,1,1
1,1,1,1,1,1
1,1,1,1,1,1
0,0,1,1,1,1
1,1,1,1,1,1
1,1,1,1,1,1
1,1,1,1,1,1
1,1,1,1,1,1
1,1,1,1,1,1
1,1,1,1,1,1
1,1,1,1,1,1
1,1,1,1,1,1
1,1,1,1,1,1
0,0,1,1,1,1
0,0,1,1,1,1
1,1,1,1,1,1
1,1,1,1,1,1
1,1,1,1,1,1
1,1,1,1,1,1
1,1,1,1,1,1
1,1,1,1,1,1
1,1,1,1,1,1
1,1,1,1,1,1
1,1,1,1,1,1
0,0,1,1,1,1
1,1,1,1,1,1
1,1,1,1,1,1
1,1,1,1,1,1
1,1,1,1,1,1
1,1,1,1,1,1
1,1,1,1,1,1
1,1,1,1,1,1
1,1,1,1,1,1
1,1,1,1,1,1
0,0,1,1,1,1
1,1,1,1,1,1
1,1,1,1,1,1
1,1,1,1,1,1
1,1,1,1,1,1
1,1,1,1,1,1
1,1,1,1,1,1
1,1,1,1,1,1
1,1,1,1,1,1
1,1,1,1,1,1
1,1,1,1,1,1
1,1,1,1,1,1
1,1,1,1,1,1
1,1,1,1,1,1
1,1,1,1,1,1
1,1,1,1,1,1
1,1,1,1,1,1
1,1,1,1,1,1
1,1,1,1,1,1
1,1,1,1,1,1
0,0,1,1,1,1
1,1,1,1,1,1
1,1,1,1,1,1
0,0,1,1,1,1
1,1,1,1,1,1
1,1,1,1,1,1
0,0,1,1,1,1
1,1,1,1,1,1
1,1,1,1,1,1
1,1,1,1,1,1
1,1,1,1,1,1
0,0,1,1,1,1
0,0,1,1,1,1
1,1,1,1,1,1
1,1,1,1,1,1
1,1,1,1,1,1
1,1,1,1,1,1
1,1,1,1,1,1
0,0,1,1,1,1
0,0,1,1,1,1
1,1,1,1,1,1
1,1,1,1,1,1
0,0,1,1,1,1
1,1,1,1,1,1
0,0,1,1,1,1
1,1,1,1,1,1
1,1,1,1,1,1
1,1,1,1,1,1
0,0,1,1,1,1
1,1,1,1,1,1
1,1,1,1,1,1
1,1,1,1,1,1
1,1,1,1,1,1
1,1,1,1,1,1
1,1,1,1,1,1
0,0,1,1,1,1
1,1,1,1,1,1
1,1,1,1,1,1
1,1,1,1,1,1
0,0,1,1,1,1
1,1,1,1,1,1
0,0,1,1,1,1
1,1,1,1,1,1
1,1,1,1,1,1
0,0,0,1,1,1
1,1,1,1,1,1
1,1,1,1,1,1
1,1,1,1,1,1
0,0,0,1,1,1
1,1,1,1,1,1
0,0,0,1,1,1
0,0,1,1,1,1
1,1,1,1,1,1
1,1,1,1,1,1
1,1,1,1,1,1
0,0,1,1,1,1
1,1,1,1,1,1
1,1,1,1,1,1
1,1,1,1,1,1
1,1,1,1,1,1
1,1,1,1,1,1
0,0,0,0,0,1
1,1,1,1,1,1
1,1,1,1,1,1
1,1,1,1,1,1
1,1,1,1,1,1
1,1,1,1,1,1
0,0,1,1,1,1
1,1,1,1,1,1
0,0,0,1,0,1
1,1,1,1,1,1
0,0,0,0,0,1
1,1,1,1,1,1
1,1,1,1,1,1
0,0,1,1,1,1
1,1,1,1,1,1
1,1,1,1,1,1
0,0,0,0,0,1
1,1,1,1,1,1
1,1,1,1,1,1
0,0,1,1,1,1
1,1,1,1,1,1
1,1,1,1,1,1
1,1,1,1,1,1
1,1,1,1,1,1
0,0,0,0,0,1
1,1,1,1,1,1
1,1,1,1,1,1
1,1,1,1,1,1
1,1,1,1,1,1
1,1,1,1,1,1
1,1,1,1,1,1
1,1,1,1,1,1
1,1,1,1,1,1
1,1,1,1,1,1
0,0,1,1,0,1
1,1,1,1,1,1
0,0,0,0,0,1
1,1,1,1,1,1
1,1,1,1,1,1
0,0,1,1,1,1
1,1,1,1,1,1
1,1,1,1,1,1
0,0,1,1,1,1
1,1,1,1,1,1
0,0,0,0,0,1
1,1,1,1,1,1
