baseline_discrepances,dys_distances
0.102,0.1985222777566182
0.103,0.19142415210392508
0.103,0.19119267894290842
0.102,0.19122264240205178
0.102,0.19038289868218572
0.102,0.19071869872270455
0.102,0.18992277485052603
0.102,0.1891413352810329
0.103,0.18800565988119283
0.103,0.18800904846110955
0.104,0.1806785621512146
0.104,0.18063378370655991
0.103,0.18211118140515956
0.103,0.18100567662982558
0.104,0.1807309883791317
0.104,0.17967278635184325
0.104,0.17953716948181897
0.104,0.17874493852716133
0.104,0.17938472566614413
0.104,0.17942521922213164
0.104,0.17838435956379123
0.105,0.17843028206381406
0.105,0.17490116431031374
0.106,0.17117250371692563
0.106,0.1704455583341039
0.107,0.1690084872881655
0.106,0.1689624758175454
0.106,0.16979580174013173
0.105,0.16988373307647234
0.107,0.16650106659803038
0.107,0.1649829125945822
0.108,0.163555446471403
0.109,0.16271926113780233
0.109,0.1637643181635875
0.11,0.1614115045934464
0.11,0.16157399155786084
0.11,0.1606797811527776
0.111,0.16039904611501937
0.111,0.15631374178843996
0.111,0.15631275049586488
0.111,0.15558082219478417
0.111,0.15352829234210066
0.113,0.1528086187399636
0.113,0.15313388413963833
0.113,0.1531850487009661
0.113,0.1531850487009661
0.113,0.1536837298915154
0.114,0.15240473345198724
0.113,0.1540353899139636
0.114,0.15322085236107372
0.114,0.15321029153934582
0.115,0.15104233823649407
0.115,0.15104233823649407
0.115,0.1503009655976674
0.115,0.15045878689506326
0.114,0.1512041367429317
0.114,0.15112723332737532
0.114,0.15112723332737532
0.116,0.14982149784568413
0.115,0.14982108646345058
0.117,0.14964921828001115
0.117,0.147649050889966
0.117,0.14688949216045138
0.118,0.14748161931988651
0.118,0.147156040144227
0.118,0.14640939092227143
0.119,0.14526231791832958
0.119,0.14433003185211965
0.12,0.1440960783368768
0.12,0.1440960783368768
0.12,0.14434333219949133
0.12,0.14355379177858543
0.121,0.14090515027990252
0.12,0.14268214955884345
0.121,0.1424507059263536
0.121,0.14169319826429497
0.121,0.13856686932363793
0.121,0.1412692218411174
0.121,0.13785815023668538
0.121,0.14010059640382
0.122,0.14085187845760366
0.122,0.14085187845760366
0.123,0.1362002388117907
0.123,0.1324083729451365
0.123,0.1324083729451365
0.124,0.13248480391154202
0.124,0.1321978991813949
0.124,0.13120118161714756
0.123,0.13208365887894516
0.123,0.13182062075903198
0.124,0.13044910950229743
0.124,0.1302622939446725
0.126,0.13032848864431784
0.126,0.13032848864431784
0.126,0.12966373547587198
0.127,0.12860651594307487
0.127,0.12876338922338945
0.127,0.12908938865195405
0.127,0.1274901168150141
0.129,0.12947637913802149
0.129,0.1293250163108577
0.129,0.12941008352600877
0.129,0.12941008352600877
0.129,0.12941008352600877
0.129,0.1286786793854547
0.129,0.12610221940204466
0.129,0.12589919922959691
0.13,0.12534286355593716
0.131,0.12242486259443465
0.131,0.12384532352556182
0.131,0.12369235528431052
0.131,0.1223583848683732
0.133,0.12172436217250485
0.133,0.121270997976894
0.132,0.12239024744102628
0.133,0.12239024744102628
0.133,0.12170984298915681
0.133,0.12170979654268795
0.134,0.11952273477779564
0.135,0.11840550951043206
0.135,0.11838297440883648
0.135,0.11809487068302817
0.136,0.11709748811631777
0.135,0.11737948191072067
0.135,0.11943597785616972
0.135,0.11840896602408327
0.135,0.11777714228851124
0.136,0.11456586431748028
0.136,0.1131454053554668
0.136,0.11109065740279463
0.136,0.11109065740279463
0.137,0.10914965435780265
0.137,0.10834833973101338
0.138,0.10523249242695949
0.138,0.10542951902200426
0.138,0.10542951902200426
0.139,0.1051671325295304
0.14,0.10427490760516368
0.14,0.10399818810080018
0.14,0.10389693538412331
0.14,0.10316250939903052
0.14,0.10326027461495575
0.14,0.10326027461495575
0.141,0.10100802109464417
0.141,0.10100802109464417
0.141,0.10100802109464417
0.142,0.10030301007332121
0.142,0.10005908851519789
0.142,0.09996098198057993
0.143,0.10000236872530047
0.143,0.0986923618705047
0.143,0.09805096461798446
0.143,0.0981257118869631
0.144,0.09561272543242913
0.146,0.09507887226634926
0.146,0.09413853980935652
0.146,0.09413853980935652
0.146,0.09351891602221178
0.148,0.09332340805861149
0.147,0.09314133730650487
0.148,0.09314133730650487
0.148,0.09314133730650487
0.148,0.09265184148064799
0.148,0.09320351738725673
0.148,0.09320351738725673
0.149,0.09364823192252657
0.149,0.09293517801624115
0.149,0.0938640693740917
0.148,0.09376181095163938
0.149,0.09391242807653125
0.149,0.09391242807653125
0.149,0.09391242807653125
0.15,0.09334171554956454
0.149,0.09355889184169866
0.151,0.09314423565104402
0.151,0.0914976142748511
0.151,0.0913550110558282
0.151,0.0917704065209451
0.152,0.0909418589886218
0.152,0.09167292877101638
0.152,0.09069749729926826
0.152,0.09038178704002632
0.152,0.08945544698935162
0.153,0.08671381301744502
0.153,0.08607604255596327
0.153,0.08607604255596327
0.154,0.08495120705679089
0.154,0.08487713683102673
0.154,0.08496944527019344
0.155,0.08390431842563364
0.154,0.08375646130286271
0.154,0.0838132601001351
0.154,0.0831975768350108
0.154,0.08306744997255346
0.156,0.08339446504792272
0.157,0.08224618343966664
0.158,0.08191883939051903
0.158,0.08132699506694965
0.158,0.08123157661861959
0.159,0.08009976336016245
0.159,0.0784641020962226
0.159,0.07926379874391007
0.158,0.07907667823622615
0.158,0.07955370861560324
0.159,0.077997100079068
0.159,0.0777806791530077
0.159,0.07713088713275928
0.159,0.07655537194573357
0.159,0.07629078599160022
0.161,0.07644188945882952
0.162,0.0740882436589099
0.164,0.0740882436589099
0.164,0.07268193048613365
0.165,0.07093357564188618
0.165,0.07093357564188618
0.165,0.07093357564188618
0.165,0.07146367351517986
0.165,0.07161972257532405
0.166,0.0694780118101983
0.166,0.06847021381626153
0.166,0.06783980930467415
0.166,0.06809422005839652
0.165,0.06894393306513939
0.166,0.06727474522026193
0.166,0.0664311565587331
0.166,0.0664311565587331
0.166,0.06643628900092487
0.166,0.0664691295667515
0.166,0.0658674059550909
0.167,0.065215986969795
0.168,0.065215986969795
0.168,0.0649946832961221
0.169,0.06473819292193146
0.168,0.06553904646675573
0.168,0.06616579700076905
0.169,0.06514586892631959
0.17,0.06364134035702546
0.17,0.06304882736595188
0.17,0.06116972348073256
0.171,0.06116972348073256
0.17,0.060581599144712686
0.171,0.06037466051031108
0.171,0.0656902656007129
0.171,0.0656902656007129
0.172,0.05958456588051153
0.173,0.05901339941041839
0.173,0.058153373237786826
0.173,0.05858105326682803
0.173,0.05858105326682803
0.173,0.0580014843435653
0.174,0.05699147937401675
0.174,0.056255178190525106
0.174,0.05691112451372562
0.175,0.055229522229537954
0.175,0.05535908767159473
0.177,0.05538630729580362
0.177,0.05557669733931039
0.177,0.05485250790479765
0.177,0.05543625467669005
0.178,0.05457470989004662
0.178,0.05460876509506778
0.178,0.05407630803095931
0.178,0.05407630803095931
0.179,0.053734434898148165
0.179,0.0535408163522971
0.179,0.053541839403574265
0.179,0.05241619901324955
0.179,0.05245890060468481
0.18,0.05175942402862689
0.18,0.0517732817307469
0.182,0.0517732817307469
0.181,0.051868226758505484
0.182,0.05042988949459927
0.182,0.05055856406102993
0.182,0.05055856406102993
0.183,0.04937483940906925
0.184,0.048052646154658755
0.184,0.047550127629874546
0.186,0.047052266050706004
0.186,0.0468223149562461
0.186,0.04707904932399938
0.186,0.046554772945816586
0.187,0.04524776308882396
0.189,0.04399632639415711
0.189,0.04342652606237454
0.189,0.04342652606237454
0.19,0.04289476401812351
0.19,0.04221221835095403
0.191,0.04158679399791096
0.191,0.04104321040324595
0.191,0.04054120500085748
0.19,0.04034410232417114
0.19,0.04051535581322216
0.19,0.04081445488872899
0.191,0.039769062371026995
0.192,0.03933016544029704
0.193,0.039601610012335337
0.193,0.039051445260539275
0.193,0.039051445260539275
0.193,0.03884310830561401
0.193,0.03843185723293477
0.193,0.03843185723293477
0.194,0.037290805931946294
0.194,0.03684943670794707
0.195,0.036150873161056765
0.195,0.0355817256059084
0.195,0.035388691858133974
0.195,0.035717189304811735
0.195,0.03588828026121794
0.196,0.03588828026121794
0.196,0.035476255776056134
0.196,0.034777567804297374
0.195,0.035431185198828
0.196,0.034962958553178484
0.196,0.03509325848341372
0.196,0.03509325848341372
0.196,0.034931880264638636
0.197,0.034309717829733744
0.196,0.034826445923715955
0.196,0.03463474248242795
0.196,0.03484083214180475
0.196,0.03484083214180475
0.197,0.034242038231363986
0.197,0.033851743546311513
0.196,0.03365385672768753
0.198,0.03365385672768753
0.2,0.03369092763790753
0.2,0.03369092763790753
0.201,0.03403884503167945
0.201,0.034183696779941986
0.203,0.03479002521603736
0.203,0.03479002521603736
0.204,0.03481968069649675
0.205,0.03401276186537422
0.205,0.03345811296018332
0.205,0.03345811296018332
0.206,0.03312160167724307
0.207,0.03226563828366491
0.207,0.03155241507833758
0.207,0.03184874517617188
0.207,0.03184874517617188
0.207,0.03144616769365622
0.208,0.030900011561284843
0.208,0.03114531665357332
0.208,0.03156980614290414
0.208,0.031039492800385853
0.208,0.03070340112517148
0.209,0.029095539864138587
0.209,0.029095539864138587
0.21,0.028416210642677926
0.21,0.02782217547220318
0.211,0.02746786453925623
0.212,0.02649111465023856
0.213,0.02579554647279868
0.213,0.025530738488514698
0.214,0.025102270059768172
0.214,0.024965101542430274
0.214,0.024495875004009647
0.215,0.02439227914349517
0.215,0.024036562167834716
0.216,0.02437580778944061
0.217,0.024066242971657825
0.217,0.02397433920814999
0.217,0.02397433920814999
0.217,0.02433220215286335
0.218,0.02404883869286531
0.219,0.02368991816891334
0.219,0.02368991816891334
0.219,0.023902003524808757
0.219,0.024070507624738127
0.22,0.023869974490389904
0.219,0.02351848532331557
0.219,0.023363746713537994
0.219,0.023236222320282572
0.219,0.022955465114654093
0.219,0.022904539041979068
0.221,0.02190863495939817
0.221,0.021603682249663466
0.221,0.021871125922895265
0.22,0.022541553538836044
0.22,0.022476218754266062
0.22,0.02278711251799441
0.22,0.02278711251799441
0.22,0.0230635107752096
0.222,0.02218518893990729
0.222,0.021686682337586322
0.222,0.02102799443131642
0.222,0.02108887210662584
0.223,0.021047729439995007
0.224,0.020076660083265824
0.224,0.02037798690856702
0.226,0.020353244791232274
0.226,0.020353244791232274
0.227,0.020306456568516314
0.227,0.020401738955199877
0.228,0.020085276787606965
0.228,0.019802992760691557
0.227,0.019954701314146478
0.227,0.019976590538540527
0.227,0.020259921102538287
0.228,0.019593822842035716
0.228,0.01927071268373242
0.228,0.020090386034554625
0.229,0.020438541249048696
0.23,0.0207560584066594
0.23,0.0207560584066594
0.23,0.020555942293847135
0.23,0.020231135663091114
0.231,0.019645701629008118
0.231,0.01964574801661638
0.231,0.019276040979520175
0.232,0.01809313994160564
0.232,0.018201618128659294
0.232,0.017745548577946482
0.232,0.01768547152407154
0.234,0.017081446818290873
0.233,0.01703108729420521
0.233,0.01711406845618407
0.234,0.016297295652315053
0.235,0.016094952024673294
0.236,0.015535081836790431
0.236,0.015566293052011413
0.237,0.01549680490462043
0.238,0.015057048621162469
0.237,0.014759536115578935
0.237,0.015187432296697558
0.238,0.01517903605610315
0.238,0.015086885845962473
0.238,0.015099932228508025
0.238,0.015100610731030546
0.239,0.014211056531201931
0.239,0.013806245897134837
0.239,0.013570981728679089
0.241,0.013177986646472715
0.241,0.013075592428726336
0.241,0.012976017568116272
0.241,0.012976017568116272
0.241,0.012796116179454607
0.242,0.01310129107351972
0.242,0.013109802396701285
0.243,0.012630052404652937
0.245,0.012349966353079733
0.246,0.011723866738827329
0.246,0.01159921118610265
0.246,0.011852911315201617
0.246,0.011956488835867148
0.247,0.011437036486101077
0.247,0.011013747499159952
0.247,0.011013747499159952
0.247,0.011013747499159952
0.248,0.010559592994943695
0.248,0.01056389394879564
0.248,0.010094711281836997
0.249,0.009684476054662466
0.249,0.01356255746922573
0.25,0.009324287003128557
0.249,0.009324287003128557
0.25,0.009211435040744313
0.251,0.009365403123913396
0.25,0.009284991981517245
0.251,0.008748939591501614
0.251,0.008939278375498193
0.251,0.00900012195660737
0.251,0.009472891007478022
0.251,0.009617433532348776
0.251,0.00947052603136318
0.253,0.009025335070892475
0.253,0.00905698640482455
0.253,0.00851382332242221
0.253,0.008656024153096693
0.253,0.009086246046281556
0.253,0.008742428172104553
0.252,0.008742487928291746
0.253,0.00863286382891173
0.254,0.008521586702928342
0.254,0.008419000419668055
0.255,0.00794138968714582
0.255,0.008039144619491323
0.255,0.008000518748361541
0.255,0.007856137917564728
0.255,0.007856137917564728
0.254,0.007530953089651495
0.254,0.007079716521786303
0.254,0.007195137897960864
0.254,0.007195137897960864
0.255,0.007520229441157266
0.254,0.007579825775872941
0.254,0.007424576768414345
0.254,0.007690656837103292
0.254,0.007648937680729171
0.254,0.007498593661917614
0.254,0.007431111319614164
0.254,0.007431111319614164
0.254,0.007431111319614164
0.254,0.007611001142235131
0.255,0.007380368179561379
0.255,0.0069212095154041805
0.255,0.006976031999508841
0.255,0.00704117981195367
0.256,0.006955967601567712
0.256,0.006914529972151716
0.256,0.007001926594050967
0.257,0.00725340038823356
0.258,0.006954571616637529
0.259,0.011636562631540222
0.26,0.0066360971978011675
0.259,0.006560247528433049
0.259,0.00649476788162615
0.259,0.011147470150119883
0.26,0.006426801155483146
0.26,0.006496336504296686
0.259,0.006639236704353856
0.261,0.006700906760612395
0.261,0.00660151875464935
0.262,0.0065405879558540604
0.263,0.006185189154781504
0.262,0.006142487027703139
0.262,0.006080601814385777
0.262,0.006080601814385777
0.263,0.005715210507373406
0.263,0.005710214558013538
0.264,0.006030647220532799
0.264,0.006030647220532799
0.264,0.006074328969908532
0.264,0.005875868015684195
0.263,0.005815643776325374
0.263,0.006004341781065614
0.264,0.005844181569948342
0.265,0.00547750042568671
0.266,0.00544347091887459
0.265,0.005545082723534822
0.265,0.010257367958097903
0.265,0.005897752999574131
0.264,0.005568490054401399
0.265,0.0052984945580400854
0.266,0.005410821589410876
0.266,0.005419687186197297
0.265,0.005420209448471349
0.265,0.005379692109329813
0.265,0.005279321661783518
0.265,0.005366852640695503
0.265,0.005366852640695503
0.264,0.005559135479960388
0.263,0.005525194116948303
0.263,0.005520506959560486
0.263,0.005292709673818086
0.263,0.005323212221437656
0.264,0.00506071218325279
0.264,0.00537742549892921
0.264,0.005457643862444411
0.264,0.005158214867324774
0.264,0.004980802879183259
0.263,0.005355486823932507
0.264,0.005368603394343184
0.264,0.005368603394343184
0.264,0.00527209277503958
0.264,0.005162416072252772
0.265,0.005209810854816854
0.265,0.005223348893837683
0.264,0.005361791045150249
0.265,0.005120013455097446
0.263,0.0051497375000607495
0.263,0.005370324229558495
0.263,0.005518739996906414
0.263,0.005473701928309211
0.264,0.005383495292287112
0.264,0.005071185621574677
0.264,0.005719012971061874
0.264,0.005715379520734312
0.264,0.005715304346463953
0.264,0.0057672157676126505
0.264,0.005906902926880071
0.265,0.006062627985663516
0.264,0.006125280663211989
0.264,0.006047367932859706
0.264,0.00599978332701581
0.264,0.005999534485459073
0.264,0.0063252481451241994
0.264,0.006473702276711036
0.264,0.006473702276711036
0.264,0.006473702276711036
0.264,0.0066718897717609384
0.264,0.007286231177334193
0.263,0.0076661332597675845
0.264,0.0083377232253842
0.264,0.008237643486301063
0.265,0.007860702766680137
0.265,0.007860702766680137
0.265,0.007860346710948107
0.265,0.007571264738942628
0.267,0.007571264738942628
0.266,0.007948994268643535
0.266,0.007559370703986804
0.264,0.007573209877578079
0.264,0.0068184605345885385
0.265,0.006557488215892715
0.264,0.007311520507248646
0.264,0.007768262728593167
0.265,0.00781432259059436
0.264,0.006930112640136471
0.263,0.007667077237794528
0.263,0.00739756423367059
0.263,0.007451834275982821
0.263,0.00739756423367059
0.263,0.00731850525338559
0.264,0.0070553544454150675
0.264,0.006808450893081101
0.265,0.006057001478914102
0.265,0.006149254448703632
0.265,0.00606538072522919
0.265,0.00606538072522919
0.265,0.005435824652736906
0.264,0.005666826110726645
0.264,0.005691893968761087
0.263,0.005717044530534699
0.263,0.005778631168417658
0.264,0.005439072530662051
0.264,0.005444288736098195
0.264,0.005088505238761332
0.263,0.0049495015057619
0.263,0.005138411202062233
0.264,0.004829286103597132
0.264,0.004893683940460005
0.264,0.005181897214744272
0.264,0.004961608580566869
0.265,0.004838946384664921
0.265,0.005066731390022315
0.267,0.005259364049744677
0.266,0.00517238520540043
0.266,0.005394401959207204
0.265,0.005581544779365568
0.266,0.005329778151687737
0.266,0.005487392619619428
0.265,0.005393817098566461
0.265,0.005525186103967989
0.265,0.0057265702132738355
0.265,0.00587405648660383
0.264,0.005627397388764501
0.264,0.006041339929318089
0.263,0.0062443499223340335
0.264,0.006157155296610152
0.266,0.0056856785425841785
0.266,0.005466499365424042
0.266,0.0053260925194887196
0.265,0.005309871692856263
0.266,0.005012349134954109
0.266,0.005079240675632267
0.265,0.005630420748189578
0.266,0.005507050246195279
0.265,0.005572330837569913
0.265,0.005442990687992335
0.265,0.005605336399392157
0.265,0.005442960832889631
0.265,0.005236933088838163
0.264,0.0054195323431610294
0.263,0.005028117386397049
0.263,0.004985931229815838
0.262,0.004956649092887943
0.262,0.004956649092887943
0.261,0.00494048847732375
0.263,0.004856917950651851
0.263,0.004680953465413538
0.263,0.004680953465413538
0.263,0.004551192158745372
0.263,0.004551192158745372
0.263,0.004432993525645376
0.262,0.004275849503803013
0.262,0.004388729228279448
0.262,0.004200805155049031
0.264,0.003998453432493649
0.265,0.004174838201355818
0.265,0.004116142911100338
0.266,0.003933225720784098
0.265,0.00402314056680921
0.266,0.0040046896592093005
0.265,0.004203571400023846
0.265,0.0040554072630858105
0.265,0.003973007685709661
0.266,0.00378086404905624
0.265,0.0039241275041129245
0.266,0.0038416153527762475
0.266,0.003918652437525039
0.266,0.0039004440348093384
0.267,0.003795057446135329
0.267,0.003911909733710301
0.267,0.004100311745752561
0.269,0.004022121984330272
0.268,0.0041488428770568055
0.268,0.004226315846730444
0.268,0.004157934308027521
0.268,0.00429944269108743
0.268,0.0041580875427138396
0.268,0.0041580875427138396
0.268,0.004249705946855738
0.268,0.0045012913774131035
0.267,0.0045012913774131035
0.266,0.004713288245705602
0.266,0.004523194809605522
0.267,0.004160977975248482
0.268,0.003990550556701338
0.267,0.004108634270309833
0.267,0.004251662181881819
0.266,0.00426463282812583
0.266,0.00426463282812583
0.266,0.00426463282812583
0.266,0.004141607840774519
0.265,0.004172772516772021
0.266,0.003997873311898893
0.267,0.004059252467337442
0.267,0.0039505172376141495
0.266,0.0038515076851857776
0.265,0.003846300207179818
0.263,0.003672934472698886
0.262,0.003592639183536081
0.263,0.0035647006389228726
0.263,0.0036838531316271015
0.263,0.003729804205871442
0.265,0.003717970628684554
0.265,0.003794407533910523
0.264,0.0037719456264571453
0.264,0.0039536946702018495
0.265,0.0038967094490103627
0.265,0.003896699903177178
0.265,0.0036606224708662493
0.264,0.003846206198319729
0.264,0.003432655235848901
0.266,0.003377700458682768
0.266,0.0033223914092418037
0.268,0.0035581355848070054
0.268,0.003497303483809229
0.267,0.003922175491289549
0.266,0.003922175491289549
0.266,0.003893804296040609
0.266,0.0038923010916376588
0.266,0.003642818832767308
0.267,0.0035741628891882956
0.267,0.003751983257061362
0.267,0.0038279631011805806
0.268,0.0036976776692245507
0.268,0.0036976776692245507
0.268,0.0038757220375590317
0.27,0.0036589997646649885
0.27,0.0033062520669710094
0.271,0.003242086193710544
0.271,0.0032449067456440587
0.27,0.0032185028088768317
0.27,0.003307729039340532
0.27,0.0035350411483448156
0.27,0.0033965687225556646
0.27,0.0033062959925521163
0.271,0.003088575449582247
0.271,0.0030349221408941932
0.271,0.0030349221408941932
0.271,0.0031393898662267156
0.27,0.003095927790451619
0.271,0.0029168508320387915
0.27,0.002858034812998649
0.27,0.002657692816794458
0.269,0.0027414481228985434
0.269,0.002618452788492376
0.269,0.0027466157865983177
0.269,0.0026616750759485847
0.269,0.0026434947746642205
0.269,0.002661776507960336
0.269,0.002615773194155548
0.269,0.002835885278595192
0.269,0.0029110652222404977
0.27,0.00305950157999098
0.27,0.002932285574781845
0.269,0.0031727570893555503
0.269,0.0031727570893555503
0.268,0.0030560764858349977
0.268,0.0030283178397342786
0.267,0.0030765688410796122
0.268,0.0030283178397342786
0.268,0.003150591385359023
0.267,0.0035662332792038994
0.266,0.003731546353633369
0.266,0.004008193093614693
0.266,0.0038761608365563984
0.267,0.004048659240459331
0.268,0.004048659240459331
0.268,0.0038360040526740566
0.267,0.004095043330407472
0.266,0.003915898931801628
0.267,0.0036892577289429664
0.268,0.0034038638649891684
0.268,0.003248118208077768
0.267,0.003446078790386201
0.267,0.0036859891184728424
0.268,0.0036607449296327745
0.268,0.0036607449296327745
0.27,0.0036607449296327745
0.27,0.003533509887585089
0.271,0.003126932350561502
0.27,0.0031832630960394867
0.271,0.0034321255219895014
0.27,0.0032313893384133046
0.271,0.0032030034071251125
0.271,0.0031641573577600264
0.271,0.0031939166929192057
0.271,0.0031261698243076467
0.272,0.0030648409559964635
0.273,0.0031893420236239014
0.273,0.0031893420236239014
0.272,0.0033044945390089276
0.271,0.003410735324235869
0.271,0.003410735324235869
0.272,0.0032066642291409637
0.271,0.0035091431172030716
0.271,0.0033537453874658723
0.272,0.0033347418177718828
0.272,0.0033347518167906277
0.272,0.0033347518167906277
0.272,0.0033347418177718828
0.272,0.003376557006123704
0.273,0.003208197930144786
0.274,0.0031420411058683427
0.273,0.0033351255542022704
0.273,0.0033269598737482855
0.272,0.003277119861358568
0.273,0.0033808175706016813
0.273,0.0033808175706016813
0.272,0.0034203824724709005
0.273,0.0031836860927408734
0.273,0.0031836860927408734
0.272,0.003361645896137702
0.27,0.003342171791093287
0.27,0.0033616585943011994
0.269,0.0033126767830665557
0.269,0.003312673675736548
0.268,0.0030217112348060416
0.268,0.0030348459623568873
0.266,0.0030826265582033006
0.266,0.002841079506866586
0.266,0.002864942955136266
0.267,0.0028095698839856816
0.266,0.003030517338520321
0.265,0.0028632455326966337
0.265,0.003098320309084617
0.265,0.003247116714401679
0.265,0.003344545393400569
0.266,0.0034992403226986424
0.264,0.0036694086559316145
0.265,0.003637134882518275
0.266,0.003547173680562147
0.267,0.0034184500636765744
0.267,0.0032503279303186788
0.266,0.0030887185830449754
0.267,0.003002232341642342
0.266,0.0033268519336485274
0.266,0.003229382139857318
0.265,0.0031781477372255533
0.265,0.0030443976004863936
0.264,0.003120822912581457
0.263,0.003046778623403107
0.263,0.0035052554511279723
0.263,0.003743507076362864
0.263,0.0038936746007787798
0.262,0.003985367948239836
0.262,0.003985367948239836
0.262,0.004065550000975771
0.261,0.004175195967835342
0.26,0.00430375256401998
0.26,0.00430375256401998
0.26,0.00430375256401998
0.259,0.004505582330166498
0.26,0.00430375256401998
0.26,0.004153566725461052
0.26,0.0041226849447365925
0.26,0.0041226849447365925
0.259,0.004422017147753398
0.261,0.0041226849447365925
0.261,0.004107684267245081
0.262,0.004257875578973889
0.262,0.004107684267245081
0.264,0.004153566725461052
0.264,0.004245447946104827
0.264,0.004277621541150023
0.264,0.004280469037909495
0.264,0.004280469037909495
0.264,0.004633629675540828
0.265,0.004340786244161706
0.266,0.0039887538330036845
0.266,0.003802235987008467
0.265,0.003982407147095007
0.266,0.0037541225089064026
0.265,0.003828633074289427
0.266,0.003650170356773369
0.266,0.0035399514878349733
0.266,0.0033147383183673765
0.265,0.003499457853834263
0.264,0.003499457853834263
0.264,0.0035376898501093498
0.263,0.0035390191698709446
0.264,0.003622596918809563
0.263,0.003823505336168455
0.264,0.003574765233706239
0.264,0.003574765233706239
0.265,0.0034059504461041354
0.266,0.002998330746636167
0.267,0.003094258537685657
0.266,0.0033202907516145987
0.267,0.003036918474410415
0.265,0.002909510520831749
0.263,0.0028760294977914734
0.264,0.002759135641785811
0.264,0.0028413403860727466
0.265,0.0025995338817583133
0.264,0.00262306326215462
0.264,0.0024140946958639926
0.264,0.0024121638857636904
0.263,0.002302451874005194
0.263,0.002331094906394357
0.264,0.0024571232195126666
0.264,0.0024571232195126666
0.262,0.0025634455994907983
0.262,0.0026654482172194906
0.263,0.0034271045297933457
0.263,0.00245617616811875
0.262,0.0023374042327937534
0.262,0.00224334862559709
0.262,0.002134949665952705
0.262,0.0019507534427750288
0.263,0.0019111359190169108
0.264,0.0019904827837950883
0.265,0.0021534174756527988
0.265,0.002424223478905749
0.265,0.0024889253722236468
0.266,0.0026385090100829282
0.266,0.0026761787388935396
0.266,0.0026000995535346537
0.266,0.0026542150817337744
0.265,0.002862814670210374
0.264,0.0031565604179520823
0.264,0.003157006541167415
0.265,0.003361421534680575
0.265,0.003330300214734019
0.265,0.0033979771021499586
0.265,0.00330829154263833
0.265,0.003295907350404128
0.265,0.003222554133464974
0.264,0.0035619056315509233
0.262,0.003787449700403259
0.264,0.004013639970981668
0.264,0.003986918970562301
0.265,0.0038765622623675197
0.265,0.0037534448038190047
0.266,0.003900860470506517
0.266,0.003900860470506517
0.266,0.003761159750130066
0.266,0.0039653980773378394
0.266,0.003958055476396539
0.266,0.0037907219588910507
0.265,0.0037921677384293692
0.266,0.0037851766195826967
0.265,0.003524078176351864
0.266,0.003360172608328984
0.265,0.0033882468225222865
0.264,0.0033185668539439358
0.264,0.0033185668539439358
0.264,0.003276840274489781
0.263,0.003425281844755708
0.265,0.0034364520236802513
0.265,0.0036984716097375712
0.266,0.0037914931934269975
0.265,0.00395981084825077
0.264,0.0037572356446577415
0.266,0.0037572356446577415
0.266,0.0035809365009177347
0.266,0.0033447955459854307
0.266,0.0033698438315514587
0.266,0.0033698438315514587
0.267,0.0032082241658262438
0.266,0.0035708615419014437
0.265,0.003777954192780023
0.267,0.003777738941872089
0.267,0.003813233473486585
0.267,0.0038639403050047287
0.268,0.003646124757330735
0.268,0.0038473407933653403
0.269,0.003846375198273057
0.269,0.0039059869854629237
0.27,0.0036986966710491932
0.272,0.003681620240762933
0.272,0.003740859358238388
0.272,0.0034343758315854107
0.272,0.003440127699590523
0.274,0.0033077913213094834
0.274,0.003288091837671624
0.274,0.0030176272193389855
0.273,0.003367045856539832
0.274,0.0032597877567576744
0.274,0.0036682532079182037
0.275,0.003802047910926069
0.275,0.0035762871025854055
0.274,0.0034044309238082555
0.275,0.003515563629596099
0.275,0.0034744471123939772
0.275,0.003502868621654394
0.275,0.003551875652734246
0.275,0.003660789170136685
0.275,0.003643188693269452
0.275,0.0035108280244162556
0.274,0.003589421921096779
0.273,0.0035108280244162556
0.272,0.003815002578418921
0.272,0.003851629915082669
0.272,0.003851629915082669
0.273,0.0037454057986715584
0.273,0.004064221063921182
0.273,0.0038945156525073557
0.273,0.0038492767360895357
0.271,0.003848761384190028
0.271,0.00350287054062619
0.27,0.0034693335268404296
0.271,0.0033474149758429225
0.271,0.0033851320352153904
0.271,0.0034147429546455776
0.271,0.0032762726684581627
0.271,0.0033455681137840787
0.271,0.003424263200809745
0.271,0.0033594643797455236
0.271,0.003413253175438691
0.271,0.0032379216251295258
0.271,0.0031517978920218306
0.272,0.0029106779493238187
0.273,0.002870354895871172
0.273,0.0029692904446237452
0.273,0.003007261994237562
0.273,0.0034070149314760524
0.274,0.0034705893015076128
0.273,0.003537757522547067
0.273,0.003779939550616036
0.273,0.003922697168094981
0.272,0.004055944738940524
0.27,0.004051189136635082
0.269,0.004495749856129923
0.27,0.004242146865689082
0.27,0.004365355449738175
0.27,0.004620060117387349
0.27,0.004494280978000834
0.27,0.004494280978000834
0.27,0.004248204240867782
0.271,0.003948524340750319
0.272,0.004168498899305113
0.272,0.004121103656550141
0.273,0.004209140616973144
0.272,0.004525283532219432
0.272,0.004290964620381871
0.272,0.004616496066470298
0.272,0.004705961487207042
0.272,0.004495861181169992
0.273,0.004603008968437698
0.273,0.004395790773990601
0.274,0.004350554211323738
0.274,0.004439716468207972
0.274,0.004631886497134931
0.274,0.00467372814630227
0.274,0.0044599048964662005
0.274,0.004439716468207972
0.274,0.004555850076980168
0.273,0.005077594338216697
0.275,0.005039596924851563
0.277,0.004828057840252576
0.275,0.004800136784111187
0.274,0.0050081088206086356
0.274,0.004706712366851373
0.275,0.004534521694488307
0.275,0.004534521694488307
0.275,0.004717884445191956
0.275,0.004681077763119898
0.276,0.004715366152002886
0.275,0.004681077763119898
0.277,0.004573354188851876
0.277,0.004782408941188589
0.278,0.004919932568547595
0.278,0.004919932568547595
0.278,0.004919932568547595
0.279,0.0047201036061791345
0.28,0.004978961587504097
0.28,0.004912941744215991
0.28,0.004800966973936158
0.28,0.004537103484910652
0.28,0.0034848330469649533
0.278,0.004501460677153362
0.279,0.0035952162956561858
0.278,0.004681561140612836
0.278,0.004682261554876948
0.279,0.004850505204866641
0.279,0.00519783787227922
0.278,0.005066189665711016
0.279,0.005244256642322767
0.279,0.0051411500379127725
0.28,0.004969530696711322
0.279,0.005216072242437928
0.28,0.0049790326224010036
0.28,0.00478477652639065
0.28,0.004886038402780698
0.28,0.0047556905653631226
0.281,0.004759052820728394
0.28,0.0049904028637261354
0.279,0.004865232025989625
0.28,0.004729684709550788
0.28,0.004554377197093901
0.281,0.004554377197093901
0.281,0.004506965602790225
0.281,0.004292395828997092
0.28,0.0044308704603148175
0.279,0.004413637815760771
0.28,0.004180419726955691
0.279,0.004134658550386431
0.279,0.004133635572437191
0.28,0.003718055594388652
0.28,0.0041335855342919435
0.28,0.004171095056302801
0.281,0.004064486851817203
0.281,0.004220750353696853
0.281,0.004139786517281974
0.281,0.004139786517281974
0.281,0.0037860073418328373
0.281,0.0037822804239512195
0.28,0.003561737286974185
0.28,0.0036280397131249753
0.28,0.003547157814584991
0.28,0.0038318159024067263
0.279,0.003609388986560064
0.279,0.003568655960075738
0.277,0.00361610416853122
0.279,0.0034937580759620158
0.28,0.0030676062223531407
0.279,0.003190109902116206
0.279,0.0031796747646426157
0.279,0.0031796747646426157
0.279,0.0033026091381499474
0.279,0.0032266147885263493
0.279,0.003225201984474245
0.279,0.003357804467188536
0.279,0.0032482491332567484
0.28,0.0034082719903406095
0.28,0.003493258286414949
0.28,0.0034929887042948163
0.279,0.0036631891625375276
0.279,0.003814527123379097
0.28,0.0037719534375571673
0.281,0.003969850242766739
0.281,0.0037235430499009633
0.281,0.0037235430499009633
0.281,0.0038518119876533798
0.28,0.0035722434010708112
0.28,0.0034395816091145883
0.28,0.0034754431955801835
0.281,0.0033973400982886034
0.28,0.0035026412188737498
0.282,0.0031864406861708914
0.282,0.0032927225977080546
0.282,0.0033147079893039153
0.282,0.003254605992331379
0.282,0.003268095139121065
0.283,0.0032680851497334977
0.284,0.0033607420878933375
0.282,0.003298639395705437
0.283,0.0036738653886291958
0.283,0.003713229415276613
0.284,0.0037209091531315436
0.283,0.0037449825012472056
0.284,0.0034702371283518068
0.284,0.003116625094282545
0.285,0.0032092481651798564
0.285,0.0031586599584608943
0.283,0.0032628060982353886
0.283,0.0029792789544890266
0.282,0.002942492981363119
0.281,0.003027461471567552
0.282,0.0029747673573670974
0.282,0.003150897182052328
0.282,0.0032143797260197177
0.281,0.0031070995632958244
0.281,0.0033347190274215033
0.281,0.0033189533485086607
0.281,0.003475472830645597
0.28,0.003456998964874009
0.282,0.0036782154509111178
0.282,0.00324405449901449
0.282,0.0031652092596425293
0.28,0.0029802863617864957
0.281,0.003155250409708243
0.28,0.0029104440834173914
0.281,0.0030649590960354924
0.282,0.0031258958904779545
0.282,0.0030601186107041545
0.282,0.0030601186107041545
0.282,0.003339402744540169
0.282,0.0033218656578818673
0.283,0.003347515450095538
0.284,0.0032933413735156355
0.284,0.0032961702455530126
0.283,0.0031055635720004565
0.282,0.003302810081975792
0.283,0.003404445328512731
0.282,0.0034572680462608436
0.283,0.003234556814408201
0.284,0.0033192099428617475
0.285,0.004588082952475721
0.285,0.0034702975168551193
0.286,0.0035402809994313127
0.286,0.0034972636455766776
0.286,0.003646345853551863
0.286,0.0034127432963465794
0.285,0.00351510730904441
0.286,0.0033142396068058374
0.286,0.004500737581786066
0.287,0.004500737581786066
0.288,0.003463586423142065
0.288,0.0035693694533081273
0.287,0.0035535091270487307
0.287,0.0033529501025971317
0.286,0.003368262808854958
0.285,0.003384034065740236
0.285,0.0034543447611125465
0.286,0.0036043756155949005
0.287,0.003798612737520872
0.287,0.0038279322438587327
0.288,0.003982121186168374
0.288,0.003973653312560818
0.288,0.0042008658771913905
0.287,0.004338294616408774
0.286,0.004337367777685116
0.286,0.004314848463814422
0.284,0.004315325155703766
0.284,0.004320590817306588
0.284,0.004320590817306588
0.284,0.0043287729595136975
0.285,0.0041700011369365025
0.285,0.00417005132113292
0.285,0.004112167888776272
0.284,0.003944921374578623
0.283,0.0037682151462515444
0.283,0.003938987116676671
0.282,0.004157778538062514
0.281,0.004056763929174053
0.281,0.0037228494659930665
0.28,0.0035483600640853585
0.278,0.0037902753417990184
0.278,0.004015797549863528
0.278,0.004115109996360621
0.277,0.004114308278995674
0.277,0.004115590139736603
0.278,0.004303391399382882
0.278,0.004295027910624997
0.278,0.004129557131442077
0.278,0.0037565149597181685
0.279,0.003608123099641458
0.28,0.003502247746385377
0.28,0.003502247746385377
0.28,0.003287910534862071
0.28,0.003287910534862071
0.28,0.003033021460407482
0.28,0.002918922227361706
0.28,0.0028767940683465214
0.281,0.0028358458637907074
0.281,0.0027968411360662286
0.281,0.0027395236216283597
0.281,0.0027395236216283597
0.281,0.0026710770711949106
0.283,0.0026261136104961946
0.282,0.0025725293415212493
0.281,0.0024000567606144688
0.282,0.0023602100401627192
0.281,0.0024854165120584883
0.283,0.0027614884804159335
0.284,0.002637386967384278
0.284,0.002669302102838844
0.285,0.0025481322711720365
0.285,0.0026446323205371316
0.284,0.0024377313590370456
0.283,0.0026480939945581236
0.284,0.0028384646132986126
0.284,0.0028264295439726617
0.285,0.0025896292685968526
0.284,0.0027123211610151203
0.283,0.0027323973816856624
0.281,0.0024619664852176554
0.283,0.0027350740526284017
0.283,0.0027350740526284017
0.282,0.002500395817049229
0.281,0.0023828855526683537
0.282,0.0025101515677033058
0.281,0.002413898568938408
0.282,0.0023227903667760144
0.282,0.002324612011779481
0.28,0.002355626295917799
0.28,0.0023548377289681396
0.28,0.0022597914946743147
0.279,0.0023361501791027877
0.279,0.0026891893861813627
0.28,0.0025786696089623805
0.278,0.002660370405472521
0.277,0.0029011870040286914
0.277,0.003002322434466316
0.278,0.0032012767081215816
0.277,0.003185892020386205
0.278,0.003296358452594144
0.277,0.0031406402048795574
0.275,0.003253454060713305
0.276,0.0031528731762965547
0.276,0.0032445613649843
0.276,0.003278322684994554
0.276,0.0035907267459761413
0.276,0.003667202228402256
0.276,0.003636855785714609
0.276,0.0036552519733345445
0.275,0.003501538168751028
0.274,0.003589048023937581
0.275,0.0032781851189783075
0.274,0.0036314091289944114
0.274,0.0036595883085817097
0.274,0.0036595883085817097
0.275,0.0038113956029137233
0.275,0.003742270584652057
0.275,0.0037742207063498315
0.275,0.0036323525754785374
0.275,0.0032701919839745793
0.275,0.003162841251730244
0.275,0.003098064382285855
0.276,0.003098064382285855
0.277,0.00310327115129829
0.278,0.003004547974223714
0.279,0.003093974048258505
0.281,0.003268260187557535
0.28,0.003316302199309035
0.28,0.0031385828030304724
0.281,0.003243542303946167
0.282,0.0032577374826459156
0.281,0.003367417127709035
0.281,0.0034314139246189174
0.281,0.003769079522989327
0.28,0.00370760286033828
0.28,0.0037962539293605567
0.28,0.003923262774952318
0.281,0.0037089291068360866
0.281,0.003877252884712222
0.282,0.0038426010110087796
0.281,0.003986697785710964
0.283,0.003845343524843439
0.282,0.003734926041895836
0.282,0.004012790258401019
0.281,0.0038079628319883617
0.281,0.0038305765805249294
0.281,0.0038305765805249294
0.281,0.0037894071161777756
0.281,0.0037894071161777756
0.281,0.0037894071161777756
0.281,0.0037629532074754017
0.282,0.0038957461051545403
0.283,0.0040799362252229845
0.283,0.00417778299694707
0.283,0.004098374814857287
0.283,0.004078480481853419
0.283,0.00421503890529133
0.284,0.004116406301753087
0.283,0.004593579927623603
0.284,0.004733223036807947
0.284,0.004733223036807947
0.285,0.0047473392521953685
0.284,0.0047473392521953685
0.285,0.004563442452738093
0.285,0.004563442452738093
0.284,0.0043780309037929266
0.284,0.004587103588562724
0.285,0.004221377698895524
0.285,0.004273942928036876
0.287,0.004339523095854805
0.286,0.004863388641640728
0.287,0.0049485387686234155
0.285,0.005066421124091133
0.286,0.005139460733473473
0.284,0.004941626047519606
0.283,0.005142632368079548
0.283,0.0054622166229338345
0.283,0.005235366591013724
0.283,0.005230960456652416
0.283,0.0052339271380529625
0.284,0.0052339271380529625
0.283,0.005152214020759553
0.283,0.005152214020759553
0.283,0.005229443324874806
0.282,0.005404839618498149
0.282,0.005500751116872382
0.281,0.005511509427104641
0.282,0.005312550634387334
0.281,0.0051088032328162145
0.282,0.005271352938448265
0.282,0.005070677928323346
0.282,0.005278107183091642
0.284,0.004836855113622566
0.284,0.004753150694566962
0.284,0.004646942699974507
0.285,0.004394734667797439
0.285,0.0045008715041143866
0.285,0.00425570119404326
0.284,0.0048195615848870485
0.284,0.004565850453754028
0.284,0.004445633622252696
0.283,0.0043964131095134565
0.284,0.004295847573043687
0.285,0.004428658634418516
0.285,0.004428024710582845
0.285,0.0043801258806362995
0.284,0.004395902603103639
0.285,0.004265727285242699
0.284,0.004210381649662739
0.284,0.004210381649662739
0.284,0.004210381649662739
0.285,0.00386755443828762
0.285,0.003611120401599004
0.286,0.0037709166862454524
0.288,0.003922481539064352
0.287,0.003847249508595295
0.287,0.0038718122487351753
0.287,0.003873692182778708
0.287,0.003935407755647538
0.287,0.003746159262903507
0.287,0.0037687655143484418
0.286,0.004010990715792943
0.285,0.0038412317117890115
0.284,0.003974755635268696
0.284,0.004225726117323183
0.283,0.004256947993206134
0.284,0.0041621781079778765
0.282,0.00400333222462845
0.283,0.00400333222462845
0.282,0.004097266067867702
0.282,0.004000696433820573
0.284,0.004069524656412896
0.285,0.004078747374592632
0.285,0.00445929177347119
0.285,0.004533078525504735
0.285,0.00424119424336916
0.284,0.0041819443298945335
0.284,0.0041819443298945335
0.284,0.004142035441481905
0.283,0.004251453722848925
0.284,0.00416848998602331
0.284,0.004169923418528694
0.282,0.004169923418528694
0.282,0.004170553357183637
0.281,0.004329498667127981
0.28,0.004458828325096949
0.28,0.0038579734522567735
0.281,0.003725604017543354
0.282,0.003624538068916436
0.281,0.0035185876060591665
0.281,0.003637605358103129
0.28,0.0037092291209449247
0.281,0.0037463189966391933
0.281,0.003875289781434786
0.281,0.0038195194540458317
0.282,0.003955566811073564
0.281,0.003965198199780673
0.282,0.003479374544958813
0.282,0.0036429550878624836
0.283,0.003385736736683162
0.283,0.003385736736683162
0.281,0.0036412533889883963
0.281,0.003747010203623698
0.28,0.003846762028713071
0.28,0.003759197142966197
0.28,0.003759197142966197
0.279,0.0037113636825168786
0.279,0.004191185311907656
0.28,0.004191185311907656
0.28,0.004172402276953764
0.28,0.004173116269391359
0.28,0.003974224434235389
0.28,0.004130911735659808
0.281,0.00425261013329043
0.28,0.004577811316596865
0.279,0.004916280906894317
0.278,0.005197342143932916
0.278,0.004860073671582535
0.278,0.004930126086539282
0.277,0.005170638621368501
0.278,0.005105167100907255
0.276,0.0055326190434255886
0.275,0.005623339630211459
0.276,0.0057279169182184175
0.277,0.005572839817405726
0.277,0.005395020112302892
0.276,0.0052827093349946275
0.276,0.0052827093349946275
0.275,0.005241258960514547
0.276,0.005044937924663274
0.276,0.005043064476599471
0.276,0.005133256247738145
0.275,0.005114881331367917
0.276,0.004753491089846663
0.276,0.004740771277124185
0.276,0.004512429074598458
0.276,0.004589104056082371
0.276,0.004260631249486686
0.275,0.0040110490237222456
0.276,0.004071312790481885
0.277,0.003977429186899431
0.277,0.004224318857389381
0.277,0.004280699627487948
0.278,0.004280699627487948
0.279,0.0044240262032556035
0.28,0.004592928565100831
0.28,0.004414733868227503
0.279,0.004539410199013708
0.279,0.004375823760020997
0.278,0.004407505632096199
0.279,0.004435333730629608
0.279,0.004594226644308197
0.279,0.004594226644308197
0.28,0.004183164602511381
0.278,0.004000893381366854
0.28,0.004031397487733463
0.281,0.004260254754610395
0.281,0.004076901677487332
0.281,0.003920145126887443
0.281,0.003885370596250827
0.279,0.003646503140885804
0.279,0.003539949500160885
0.279,0.003539949500160885
0.279,0.003539949500160885
0.278,0.003582026360808812
0.278,0.003616988327905883
0.277,0.003693107073112825
0.277,0.0036784893085248403
0.276,0.0035636984297327864
0.274,0.003487260105947263
0.274,0.003533493809948194
0.274,0.003533493809948194
0.274,0.0037983075942611974
0.274,0.003715328831002747
0.275,0.0036703849284756046
0.275,0.0036703849284756046
0.276,0.0037944899695253865
0.276,0.0037400991275600365
0.277,0.003832054076462642
0.276,0.003832054076462642
0.277,0.0035672857935852105
0.277,0.001902355229899012
0.276,0.003695295083183775
0.275,0.0037470255122793008
0.275,0.003550393487663081
0.274,0.0036028700352108206
0.274,0.0037064317229994733
0.273,0.0038569847971858186
0.274,0.003635706863292675
0.274,0.00351378963367444
0.274,0.0036373582442296945
0.274,0.0037464625868733952
0.273,0.0038311429168185612
0.272,0.003909091262772498
0.272,0.004044626595343881
0.272,0.004024635145448298
0.272,0.004015135065253188
0.272,0.003936313323073039
0.271,0.003742229976455796
0.272,0.0038039837053050495
0.273,0.0038169139106599154
0.271,0.0037455603199350184
0.27,0.0037217917898233585
0.27,0.0037761390328123422
0.27,0.003932839868049954
0.269,0.00441414443566393
0.268,0.004261001434568583
0.268,0.0042533280633929044
0.269,0.004117362114826078
0.269,0.004129914630636285
0.269,0.004129914630636285
0.27,0.0040628682295823434
0.27,0.0040628682295823434
0.27,0.004173232662712813
0.271,0.004058656309441392
0.271,0.003974430425145632
0.272,0.0038479404924957323
0.271,0.0037959975201797003
0.271,0.003918826169567301
0.271,0.0038624097151376915
0.272,0.003370596227522604
0.271,0.0033249585095043973
0.272,0.003274198899257624
0.273,0.0032849435251050404
0.273,0.003144297898762308
0.273,0.003144297898762308
0.273,0.0031454402017904145
0.272,0.0030633273958989094
0.272,0.0028135192814413945
0.272,0.0029062345889729656
0.271,0.0030680147698844886
0.271,0.0031002048258842937
0.272,0.0028232432671728507
0.273,0.0027366654330358
0.272,0.0026493353779774953
0.272,0.002573803713672428
0.272,0.0026135081236362966
0.27,0.0026135081236362966
0.272,0.0026161478520597722
0.272,0.0027267755163450503
0.273,0.0027330730504835856
0.273,0.0027124131367919145
0.273,0.0026764797261289407
0.271,0.0025135764197984603
0.271,0.002732405337842447
0.272,0.0024713908596522166
0.272,0.0024635549148870175
0.27,0.0025798894776023376
0.27,0.00254250556842854
0.27,0.0025644163440723916
0.272,0.0025772672023941967
0.272,0.002973672115073136
0.271,0.0028606845783272633
0.271,0.0029777266917952174
0.27,0.0032331629156732234
0.27,0.0032016675068194554
0.27,0.003101134319629064
0.271,0.003088874244334675
0.271,0.0036115992338582262
0.271,0.0038047525566125466
0.271,0.003850129466680577
0.272,0.003821064494509044
0.272,0.0038852121408090535
0.271,0.004003947062683919
0.272,0.003821064494509044
0.273,0.003846395664508644
0.274,0.003891652274240184
0.273,0.003917114908198915
0.273,0.0042475608329261595
0.274,0.0042871008786269805
0.274,0.004045853765445594
0.276,0.0038610050170799237
0.276,0.003969216024630955
0.275,0.004012124462558072
0.275,0.004012124462558072
0.276,0.004229230753490448
0.277,0.004031709853394981
0.276,0.004175953949752519
0.275,0.004073450861522722
0.275,0.0040355550757696715
0.275,0.0038365547292909543
0.275,0.003619079204793303
0.274,0.0037636646976278694
0.274,0.0039869893366786015
0.274,0.003985881358321945
0.274,0.004050936122735737
0.274,0.003910847269425129
0.275,0.003760276456274403
0.276,0.0037604532529842394
0.277,0.0038652583800542683
0.278,0.004052928721828285
0.278,0.004036105997605835
0.277,0.004418097817809075
0.276,0.004616171500671182
0.277,0.004616132398684606
0.277,0.004557816554267983
0.277,0.004537844336819328
0.276,0.004727293314790292
0.276,0.004558055100207295
0.277,0.004520612095535691
0.276,0.004758053037032698
0.276,0.004933077074607934
0.275,0.005093846514592993
0.275,0.005093846514592993
0.275,0.005682706772743576
0.273,0.005670139365920691
0.272,0.005877455368114539
0.274,0.005999924278455622
0.275,0.003498922774236364
0.275,0.003498922774236364
0.276,0.0034244626056012103
0.276,0.0034244626056012103
0.274,0.006127248989254591
0.274,0.006080735792812182
0.274,0.005944007927355101
0.274,0.00591564553729583
0.274,0.00598669821311886
0.274,0.005539929814672207
0.273,0.005562248359167396
0.273,0.0055945547215471465
0.273,0.00533980077606628
0.272,0.005088561068632501
0.271,0.005673416997864972
0.272,0.005790943348379514
0.272,0.0053260685657443045
0.272,0.005269826513847163
0.271,0.005363287141383288
0.271,0.005576189460469875
0.27,0.005576189460469875
0.271,0.005585731189278839
0.271,0.0057342802845103775
0.272,0.00554535042778527
0.272,0.0058733498359952625
0.27,0.006446782332651515
0.27,0.0067685728552535655
0.27,0.006867731644680761
0.27,0.006867784444238178
0.269,0.006890469619545206
0.269,0.006579799025048606
0.27,0.0063475940636137426
0.269,0.0066624956257864635
0.268,0.0070684090416507795
0.269,0.006868713534306504
0.269,0.006921146942161183
0.269,0.006774099642201786
0.268,0.007182656895172355
0.27,0.0069857135877143955
0.27,0.007263500105885501
0.269,0.007137746934945762
0.269,0.007137746934945762
0.268,0.007157489324024129
0.268,0.007077902161586469
0.268,0.0069032394533948445
0.268,0.006888168982669725
0.268,0.0069860408663842905
0.268,0.0069860408663842905
0.268,0.0069860408663842905
0.268,0.00707182337660874
0.267,0.0074162298722432445
0.265,0.007372433670258078
0.265,0.007836372959127544
0.264,0.008252176686011064
0.264,0.008252176686011064
0.264,0.008923953012600861
0.264,0.00832842130698672
0.265,0.008493697971548737
0.265,0.008752510414898738
0.265,0.008713709558039991
0.265,0.008713709558039991
0.266,0.008678514774279259
0.266,0.008735854654398915
0.264,0.008797457649620156
0.265,0.008886830527123283
0.266,0.008896549061513761
0.266,0.008896549061513761
0.266,0.008483365035035486
0.266,0.008454644806983042
0.266,0.008329286301769618
0.267,0.008561523992961648
0.268,0.007897896794058135
0.268,0.007897896794058135
0.268,0.00784800622152594
0.268,0.00799858397574121
0.268,0.00789085446123338
0.268,0.00789085446123338
0.269,0.007732262737914851
0.269,0.007867676518411403
0.269,0.007744017829789388
0.268,0.007453443480323271
0.267,0.007415250983998527
0.266,0.007415250983998527
0.265,0.007288195557889069
0.266,0.00686438437214258
0.265,0.007388550961527129
0.265,0.00739433932647313
0.265,0.007203163526868532
0.264,0.007804788211344156
0.266,0.00791602874808862
0.266,0.007707463562123514
0.267,0.007823208576513451
0.267,0.007123513493318258
0.267,0.007195602688980519
0.268,0.007002956403656304
0.267,0.006944928906701343
0.268,0.007051746268532178
0.268,0.007051746268532178
0.266,0.007014264332500302
0.267,0.006471306904601367
0.267,0.006517263715126918
0.265,0.00641821599627364
0.265,0.006369224096237374
0.266,0.005915411963650559
0.266,0.005958520011403429
0.266,0.006126012027822199
0.268,0.006126012027822199
0.268,0.006243788185253507
0.269,0.006060214519201976
0.268,0.005860545082653754
0.269,0.00575488342967342
0.268,0.00575488342967342
0.269,0.0055765405237032765
0.267,0.005546227192625004
0.267,0.0057284291462845055
0.267,0.005817430935380557
0.268,0.005899315035349793
0.266,0.005949122628528496
0.267,0.005949122628528496
0.267,0.005949122628528496
0.267,0.00585514228454013
0.267,0.005887083801243147
0.267,0.005787305827980982
0.267,0.005451348545538401
0.267,0.005418315898021468
0.267,0.005451348545538401
0.266,0.005288500995266763
0.268,0.005314737751571101
0.268,0.005400773231562981
0.268,0.005439299467546097
0.267,0.00535455338185502
0.267,0.005444599674157231
0.268,0.004878923869542707
0.268,0.004971162179596797
0.268,0.004971162179596797
0.267,0.004897309439092643
0.267,0.0049595682643303815
0.267,0.005053966314222629
0.267,0.005145390370632254
0.267,0.004671397950784326
0.268,0.004440403715726712
0.27,0.004442417906574605
0.27,0.004274043017162341
0.27,0.004274043017162341
0.27,0.0038567758132079786
0.27,0.0037698309896423018
0.27,0.0037497820644519296
0.269,0.0035289171701932405
0.269,0.00331682597551916
0.27,0.0032478481805115512
0.271,0.0032005427208691094
0.27,0.0032851557517124207
0.27,0.003787608405412832
0.271,0.0038125688188998578
0.272,0.003356287663409711
0.271,0.0036167487962781584
0.269,0.003469296560213808
0.269,0.0034888205615768667
0.268,0.003725167636144379
0.266,0.003672374541181114
0.266,0.0036518830614114973
0.266,0.0031826165272221007
0.266,0.0035947745790952334
0.267,0.003675952838475068
0.267,0.003710039340749447
0.267,0.0036862712480951617
0.267,0.0037126369657353433
0.267,0.0037583466718074205
0.268,0.0037522941710273635
0.267,0.0036990166741161148
0.267,0.0038935729543691884
0.267,0.004080181033394512
0.267,0.00399748870741891
0.267,0.0040798508123007305
0.266,0.004053062037593203
0.266,0.004030100177369125
0.265,0.004001405744507972
0.265,0.003934599791083036
0.264,0.003956500963988394
0.265,0.003593807766526514
0.266,0.003356090142816162
0.265,0.0033988463184385855
0.265,0.0033988463184385855
0.265,0.0028563284978984143
0.265,0.002706664183413149
0.264,0.002600184949872259
0.264,0.002854521285302266
0.264,0.00284957206174446
0.266,0.002867224679530738
0.266,0.002877008855049935
0.265,0.0028728209906848396
0.265,0.0028728209906848396
0.264,0.0025520897380001753
0.264,0.002558197930418693
0.264,0.0026518929275211696
0.264,0.0027136886199561156
0.264,0.0027185636179418624
0.265,0.00244138810055544
0.266,0.0024413883898449025
0.266,0.0025052264299344484
0.266,0.0028984478071814963
0.267,0.0030364645074384676
0.266,0.003079682091836435
0.266,0.0031582409350504547
0.265,0.0030507625438308595
0.266,0.0029699600117194564
0.265,0.0032346982286547937
0.265,0.00330664963166571
0.266,0.003268092291122337
0.266,0.00360521140075091
0.266,0.003644045481466648
0.265,0.003644045481466648
0.267,0.0038281815740414072
0.266,0.0038126594126139113
0.266,0.0037357850814544345
0.266,0.0037357850814544345
0.267,0.0037357850814544345
0.267,0.00374374566893867
0.269,0.00396406201077663
0.269,0.004048071483450024
0.269,0.004293691243130807
0.269,0.004148379296823854
0.269,0.004148379296823854
0.269,0.004003502437275843
0.268,0.003935615864230859
0.267,0.004404670757964763
0.266,0.0044302715961768956
0.267,0.004072939764095363
0.265,0.004087966871786175
0.266,0.004016105441004817
0.266,0.004016105441004817
0.265,0.0038936003195704384
0.265,0.003589880408009988
0.265,0.0035574589217488113
0.265,0.0035574589217488113
0.265,0.0037041185796809154
0.264,0.003967311143522676
0.264,0.004061120514744476
0.266,0.00400598680332509
0.265,0.003574329216730785
0.266,0.0032389545598057795
0.267,0.0031700880382214617
0.267,0.0028687476869679305
0.268,0.0028687476869679305
0.267,0.0032512120469909904
0.267,0.003310855419381739
0.266,0.0032943903054940644
0.264,0.0032943903054940644
0.265,0.0032771289045660868
0.267,0.003245023256043045
0.266,0.003150064410850164
0.265,0.003150064410850164
0.267,0.002801680459203122
0.266,0.00267924114707055
0.268,0.002788973871419574
0.268,0.002667995356028946
0.268,0.0024707715364226147
0.267,0.002482855933930826
0.267,0.0024382375168111887
0.268,0.0024721939440919562
0.269,0.002461808958541983
0.268,0.002549668047824624
0.27,0.00261965253490532
0.269,0.002651378562083385
0.268,0.002491381745582367
0.268,0.002472466468639683
0.269,0.0025152417405569496
0.268,0.0024555302738940342
0.269,0.0022989393446252223
0.27,0.00224321024362793
0.27,0.0021250814617966916
0.27,0.0019491868874424445
0.27,0.002018488556323371
0.27,0.002088771090941028
0.271,0.001850250442101852
0.27,0.0020169072834868634
0.271,0.0017425998131083043
0.272,0.0014519848649269735
0.272,0.001368165910268526
0.271,0.0015960478601058886
0.27,0.0016694966076558665
0.268,0.0017846035229660724
0.269,0.0015433318108089434
0.269,0.0034941232129466187
0.269,0.0014923164536089126
0.27,0.001468938712063296
0.27,0.0014323574183577334
0.27,0.0013248436110560942
0.27,0.0012500998318137058
0.27,0.001196345854808486
0.269,0.0013683637233348805
0.269,0.0015139756005407338
0.269,0.0013560575327796144
0.269,0.0013235683831412212
0.269,0.001206435323298284
0.269,0.001295289608783965
0.27,0.0012481367615485382
0.269,0.00134223813455378
0.269,0.001331486476395977
0.269,0.001331486476395977
0.269,0.00137893479586717
0.27,0.0014581385383322266
0.269,0.0013615558492018074
0.27,0.0013578264419860857
0.27,0.0013578264419860857
0.271,0.0013582817030709134
0.271,0.001313836804253469
0.271,0.001255235448155952
0.272,0.0013024273849210552
0.271,0.0015516037938724122
0.271,0.0017563094472149614
0.271,0.0017039374146028672
0.272,0.0014899582554612927
0.273,0.0015132960434947073
0.274,0.0013903365069961571
0.274,0.001257856396209911
0.273,0.0012578561793883253
0.272,0.0012646373428784712
0.273,0.0012239626452478904
0.273,0.001024652645037161
0.273,0.001024652645037161
0.273,0.0009800624204335405
0.273,0.0010202204703602144
0.273,0.0009903264729116184
0.273,0.0010525200354830659
0.273,0.0012310571877294093
0.274,0.001331285294801114
0.275,0.0013442080753203432
0.276,0.0013870326050768483
0.276,0.0014453003497999317
0.277,0.0012854563701968891
0.277,0.001080208039765579
0.277,0.0011728202501397546
0.277,0.0012127270102241401
0.277,0.001175288430907058
0.277,0.001175288430907058
0.275,0.0011143887788125566
0.275,0.0011135729947008165
0.274,0.001108419050085835
0.274,0.0011003345121386857
0.274,0.0010653671866298173
0.276,0.0010183726054644755
0.276,0.0010183534035812629
0.277,0.001122022376042791
0.277,0.0011110540521710147
0.276,0.0011984338480561193
0.276,0.00130281238687411
0.277,0.0014427852102118501
0.276,0.001443068540981582
0.275,0.0016298112016756563
0.275,0.0016298112016756563
0.275,0.0014891333519114387
0.277,0.0014519165071668818
0.277,0.001667317720923295
0.277,0.0016679098616315497
0.277,0.0017956732916882775
0.278,0.0019884849703194125
0.278,0.001988898022777678
0.278,0.0023386969369394014
0.278,0.0025214474222677394
0.278,0.002227431499114369
0.28,0.002387383475655008
0.282,0.002387383475655008
0.282,0.0025192529468740853
0.282,0.0025208312673044553
0.282,0.002338487600646276
0.284,0.002338487600646276
0.282,0.002419086604940799
0.284,0.0022306008863306713
0.284,0.0023387277304626084
0.284,0.0025241660758006422
0.284,0.00248316095125052
0.285,0.0023599323006150696
0.286,0.0025601930211350283
0.285,0.002611985320994752
0.285,0.0027558069194706727
0.285,0.003033050597820484
0.285,0.003109734085691098
0.286,0.0028268175497063366
0.285,0.0027566507507590034
0.287,0.0027966560715525146
0.286,0.0030890656016862835
0.287,0.003356398157430552
0.286,0.003390386175772005
0.286,0.0036441151171046557
0.287,0.003932572769645142
0.287,0.003932572769645142
0.288,0.003912692314531207
0.288,0.004317222118010686
0.288,0.004338998843305807
0.289,0.004558919833820713
0.288,0.004443150589702078
0.289,0.004461109969156992
0.29,0.004499569781617073
0.291,0.00470362921399867
0.291,0.004703326704123212
0.291,0.005071498767644268
0.291,0.0053566087448217396
0.293,0.0053566087448217396
0.293,0.0058276387996720105
0.292,0.006279135271800049
0.291,0.00599191033347082
0.291,0.006310304232979614
0.29,0.006689265727396346
0.291,0.006714748013416054
0.289,0.006846762975649628
0.289,0.006846762975649628
0.287,0.006972236006361874
0.287,0.007547801498302177
0.286,0.007587727370613544
0.286,0.007858227458085539
0.286,0.008355976955702739
0.285,0.008871395359746714
0.285,0.009224183355280531
0.285,0.008704860088917134
0.285,0.009330980481562435
0.284,0.009030344089433234
0.285,0.008852780891310162
0.285,0.008687139729335238
0.286,0.00897549859604747
0.287,0.008621066556684308
0.286,0.009133259852322419
0.286,0.008621165519160215
0.286,0.008770484172648339
0.287,0.008740101057687069
0.286,0.008950472401957668
0.285,0.0094862542191241
0.286,0.009636570637000465
0.285,0.009899104073534202
0.287,0.009572969466663996
0.287,0.00912820578501959
0.285,0.009167881355118888
0.287,0.009284851680754257
0.286,0.009603761914043699
0.286,0.00990416523550159
0.288,0.00990416523550159
0.289,0.010151760995105825
0.29,0.009844458396120458
0.288,0.010337497290102035
0.29,0.010311676604102482
0.29,0.010753721355621864
0.29,0.01113762221825136
0.29,0.010702095440454326
0.288,0.011126408647465518
0.288,0.011060340807195137
0.288,0.0108665083109229
0.287,0.011287137264126291
0.287,0.01140810076053547
0.287,0.01186354591913301
0.287,0.01228134913635842
0.286,0.012501949531082903
0.288,0.012207557566914844
0.289,0.012665109399319174
0.29,0.01261152113814045
0.289,0.012640423059203782
0.288,0.01241527519352236
0.29,0.01241527519352236
0.291,0.012681343750442952
0.29,0.013015751072766089
0.289,0.01401969262421806
0.29,0.014621931462255381
0.289,0.014345821175310393
0.289,0.013905664402508811
0.288,0.014429633190738044
0.287,0.014187450569695167
0.287,0.014187450569695167
0.287,0.014016282915436787
0.287,0.014305211149084531
0.288,0.014616833375155918
0.287,0.014739733617356686
0.287,0.014739733617356686
0.287,0.014493698536310304
0.286,0.014576552656975153
0.286,0.01433794695287831
0.286,0.014111402506210938
0.287,0.014034067890825064
0.286,0.01455240039894696
0.287,0.014674016778059655
0.287,0.014660028129161992
0.287,0.009533679063770813
0.287,0.014883536185904864
0.285,0.015322998403646832
0.285,0.01542903815435255
0.285,0.015421336718900622
0.285,0.015421336718900622
0.285,0.015184547277689295
0.285,0.015175400374665292
0.287,0.015177629773391281
0.286,0.014842667677764878
0.286,0.014916938675939606
0.286,0.01537257670151483
0.285,0.01563223239001539
0.285,0.015804548688026894
0.285,0.015804548688026894
0.285,0.015519886187288424
0.285,0.015804548688026894
0.287,0.015804548688026894
0.287,0.016119268767833386
0.289,0.015774999014757415
0.29,0.015668353761229877
0.29,0.015668353761229877
0.288,0.010434561672380816
0.288,0.015850085137047693
0.29,0.01557396407016235
0.292,0.015593134463959166
0.291,0.016138612518661957
0.291,0.016138612518661957
0.291,0.016369443798959896
0.291,0.016369443798959896
0.292,0.01586807634832217
0.292,0.016285944737687165
0.294,0.016003980050672557
0.294,0.015733635848657952
0.294,0.016342413923738183
0.294,0.016421255590046892
0.294,0.016947063672874033
0.293,0.01764820726303721
0.292,0.017770523771270124
0.294,0.018317346773012735
0.294,0.017793534615462042
0.293,0.01745956775815435
0.295,0.017503009267956712
0.295,0.017707718637701236
0.295,0.01759120743239017
0.295,0.018053334407468112
0.294,0.018760450808264943
0.294,0.019294946798388616
0.294,0.019719893817867214
0.295,0.0197241849296058
0.296,0.0197241849296058
0.296,0.019873556765129745
0.295,0.020414694571070945
0.294,0.020670251756944466
0.296,0.020670251756944466
0.296,0.020324190988740314
0.295,0.02009283436033331
0.296,0.019903892113624415
0.297,0.019961061491184408
0.297,0.019961061491184408
0.297,0.01969723172586322
0.298,0.020821699205560366
0.299,0.02064076786021083
0.298,0.020682796348516996
0.298,0.020682796348516996
0.298,0.02041314453423234
0.297,0.02050468734727079
0.297,0.02050468734727079
0.298,0.01984519107792457
0.298,0.020092534222430285
0.298,0.020624426111905785
0.3,0.020432730165214533
0.3,0.020168690044567353
0.302,0.020168690044567353
0.302,0.019967578731176196
0.302,0.019585444974042313
0.304,0.019434912474249312
0.305,0.01958570933766242
0.306,0.019814188361602036
0.306,0.02097502528108338
0.307,0.02118505790292611
0.307,0.020668176479159608
0.307,0.020668176479159608
0.306,0.021022589006593886
0.308,0.02070345136165739
0.308,0.020058513030172323
0.308,0.0202660798758732
0.309,0.02090802957339692
0.309,0.02090802957339692
0.31,0.021191217614109303
0.312,0.021191217614109303
0.312,0.021191217614109303
0.311,0.02180166943057585
0.31,0.022446811955357478
0.311,0.022818031034760215
0.311,0.023074470453977525
0.31,0.02430663217011384
0.311,0.0237779268436378
0.311,0.024942417543929382
0.311,0.025810150178763324
0.311,0.026658207749224148
0.311,0.026658207749224148
0.311,0.026942743698877634
0.311,0.026944546380292228
0.311,0.028423212694277056
0.313,0.028423212694277056
0.313,0.028287702522251355
0.314,0.028721876938590817
0.313,0.028683969989431027
0.314,0.029150032975048687
0.314,0.029150032975048687
0.314,0.029717762138751255
0.313,0.03009173923008008
0.312,0.030885246274968674
0.312,0.03181390786621488
0.312,0.031225676924033847
0.311,0.03042049874228104
0.311,0.03044967956413059
0.311,0.02988082623093151
0.31,0.02946330892770076
0.312,0.029873452437683225
0.313,0.029990904569018893
0.313,0.03036929977258681
0.313,0.03036929977258681
0.313,0.030858512082961934
0.312,0.03158871469902043
0.312,0.03166459352049656
0.312,0.0322767566115634
0.311,0.03240679674115123
0.31,0.03240408077449729
0.309,0.033365072510462904
0.309,0.034165681215783214
0.309,0.034392448006768286
0.309,0.03453232238246243
0.311,0.03416715821654308
0.312,0.03416715821654308
0.312,0.035051234823735046
0.313,0.03472168400923518
0.313,0.035486259897245576
0.313,0.0370926339174476
0.314,0.036911464084416146
0.313,0.036911464084416146
0.313,0.036911464084416146
0.313,0.037415923060366896
0.315,0.03703274441475557
0.315,0.03735941222951556
0.315,0.03735941222951556
0.315,0.03735941222951556
0.316,0.03746837345010273
0.315,0.03746837345010273
0.314,0.03746837345010273
0.314,0.038157320170496126
0.314,0.038157320170496126
0.315,0.03788877749038602
0.314,0.03880326092059812
0.316,0.03880326092059812
0.318,0.03880326092059812
0.32,0.03880326092059812
0.321,0.03882392714473187
0.321,0.038669627719761325
0.321,0.03929753255875516
0.321,0.03962491370280553
0.32,0.040134620140356986
0.318,0.039643860608795926
0.318,0.03987733882631184
0.32,0.039654298964518775
0.319,0.039807883837680656
0.319,0.03908125991580596
0.319,0.03963033439394735
0.32,0.03973695384703024
0.32,0.04001583068842391
0.319,0.041315339943070004
0.319,0.04258319883614825
0.321,0.04258319883614825
0.321,0.042414216760522025
0.321,0.04307723293409074
0.321,0.043338813145176264
0.322,0.0426743233718002
0.322,0.041177232622156626
0.324,0.041177232622156626
0.326,0.04078268629324805
0.326,0.041041189882911104
0.326,0.040405001006770816
0.326,0.0405069729655775
0.325,0.041293378781009554
0.324,0.04199074803729971
0.324,0.043705345574837295
0.325,0.04344094394379273
0.325,0.04284467541232674
0.324,0.04422632673069939
0.324,0.043829918961940134
0.324,0.044125363251318606
0.323,0.044227433781610176
0.322,0.04507571562087245
0.322,0.0452226318279014
0.322,0.04615298031603389
0.323,0.04546994606428548
0.325,0.04479697953586233
0.325,0.04532302985725653
0.326,0.03405308566873885
0.328,0.01710671680380639
0.329,0.017469685291886652
0.328,0.017873132989070617
0.328,0.019914812797355172
0.328,0.003934810116750009
0.327,0.003934810116750009
0.329,0.003934810116750009
0.329,0.004263687820474257
0.328,0.004607178588097657
0.33,0.00496546880178185
0.328,0.00496546880178185
0.328,0.00496546880178185
0.329,0.00496546880178185
0.33,0.00496546880178185
0.33,0.005338749830451097
0.332,0.005338749830451097
0.332,0.00496546880178185
0.332,0.005338749830451097
0.332,0.0057272182052991935
0.333,0.006131075803510036
0.331,0.006550530040668769
0.331,0.006550530040668769
0.33,0.006550530040668769
0.329,0.006985794072377458
0.329,0.007437087005622615
0.329,0.00790463412048583
0.329,0.00790463412048583
0.329,0.008388667102824932
0.331,0.008889424288607693
0.331,0.008889424288607693
0.33,0.009407150920623691
0.33,0.009407150920623691
0.33,0.009942099418362181
0.331,0.009942099418362181
0.331,0.010494529661894132
0.331,0.009942099418362181
0.331,0.010494529661894132
0.332,0.010494529661894132
0.33,0.011064709290674726
0.332,0.011064709290674726
0.33,0.011652914018242769
0.331,0.011652914018242769
0.332,0.01225942796387873
0.331,0.01225942796387873
0.33,0.01288454400236462
0.332,0.01288454400236462
0.332,0.013528564133086285
0.332,0.013528564133086285
0.332,0.014191799869817778
0.331,0.014874572652643796
0.333,0.014874572652643796
0.332,0.014874572652643796
0.334,0.014874572652643796
0.334,0.015577214283595882
0.333,0.015577214283595882
0.332,0.015577214283595882
0.333,0.015577214283595882
0.334,0.015577214283595882
0.334,0.016300067387719837
0.334,0.0170434859014387
0.332,0.01780783559024182
0.333,0.01780783559024182
0.334,0.01780783559024182
0.333,0.01780783559024182
0.334,0.018593494597917253
0.334,0.018593494597917253
0.333,0.019400854029742662
0.334,0.020230318572283842
0.334,0.020230318572283842
0.334,0.020230318572283842
0.333,0.020230318572283842
0.332,0.02108230715268839
0.334,0.0219572536406527
0.334,0.0219572536406527
0.333,0.0219572536406527
0.333,0.0228556075965404
0.332,0.02377783506948386
0.332,0.02377783506948386
0.331,0.02377783506948386
0.332,0.02377783506948386
0.332,0.02472441944968117
0.331,0.02472441944968117
0.33,0.025695862379537845
0.33,0.025695862379537845
0.328,0.026692684728786005
0.328,0.026692684728786005
0.328,0.02771542763926122
0.33,0.028764653645629724
0.328,0.028764653645629724
0.328,0.029840947879056244
0.328,0.030944919361583063
0.327,0.032077202399882564
0.327,0.0332384580880562
0.329,0.0332384580880562
0.328,0.034429375930302694
0.33,0.035650675595591326
0.33,0.035650675595591326
0.33,0.036903108817976316
0.33,0.036903108817976316
0.329,0.036903108817976316
0.329,0.038187461457921894
0.329,0.038187461457921894
0.331,0.038187461457921894
0.331,0.038187461457921894
0.331,0.038187461457921894
0.331,0.03950455574198056
0.332,0.03950455574198056
0.332,0.040855252700462356
0.332,0.042240454825388365
0.332,0.042240454825388365
0.333,0.043661108974086774
0.335,0.045118209547386906
0.335,0.04661280197554675
0.335,0.048145986549968954
0.334,0.048145986549968954
0.334,0.049718922644545104
0.334,0.051332833377304495
0.336,0.05298901077116356
0.335,0.05468882148224451
0.336,0.05468882148224451
0.335,0.056433713175817385
0.336,0.056433713175817385
0.337,0.056433713175817385
0.336,0.05822522164385459
0.335,0.060064978775042605
0.336,0.0619547215085816
0.336,0.06389630192814565
0.338,0.06589169868318023
0.339,0.06589169868318023
0.337,0.06794302996283541
0.337,0.06794302996283541
0.337,0.06794302996283541
0.337,0.07005256829532075
0.337,0.06794302996283541
0.338,0.07005256829532075
0.337,0.07005256829532075
0.338,0.07222275750508209
0.339,0.07222275750508209
0.341,0.07222275750508209
0.341,0.07222275750508209
0.34,0.07445623223557242
0.34,0.07445623223557242
0.34,0.07445623223557242
0.341,0.07445623223557242
0.342,0.07675584054149769
0.341,0.07675584054149769
0.342,0.07675584054149769
0.342,0.079124670178035
0.341,0.08156607937504377
0.339,0.08408373309486604
0.34,0.08408373309486604
0.34,0.08408373309486604
0.341,0.08408373309486604
0.342,0.08408373309486604
0.34,0.08408373309486604
0.341,0.08408373309486604
0.341,0.08408373309486604
0.34,0.08408373309486604
0.34,0.08408373309486604
0.34,0.08408373309486604
0.34,0.08408373309486604
0.34,0.08408373309486604
0.34,0.08408373309486604
0.338,0.08408373309486604
0.34,0.08408373309486604
0.339,0.08408373309486604
0.34,0.08408373309486604
0.34,0.08408373309486604
0.34,0.08408373309486604
0.34,0.08408373309486604
0.34,0.08408373309486604
0.34,0.08408373309486604
0.34,0.08408373309486604
0.339,0.08408373309486604
0.337,0.08408373309486604
0.338,0.08156607937504377
0.338,0.08156607937504377
0.338,0.08156607937504377
0.336,0.08156607937504377
0.336,0.08156607937504377
0.336,0.08156607937504377
0.337,0.08156607937504377
0.336,0.08156607937504377
0.335,0.08156607937504377
0.333,0.08156607937504377
0.333,0.08156607937504377
0.333,0.08156607937504377
0.333,0.08156607937504377
0.331,0.08156607937504377
0.333,0.08156607937504377
0.333,0.08156607937504377
0.332,0.08156607937504377
0.332,0.08156607937504377
0.332,0.08156607937504377
0.331,0.08408373309486604
0.33,0.08408373309486604
0.33,0.08408373309486604
0.331,0.08408373309486604
0.331,0.08408373309486604
0.332,0.08408373309486604
0.332,0.08408373309486604
0.333,0.08408373309486604
0.332,0.08408373309486604
0.333,0.08408373309486604
0.334,0.08408373309486604
0.335,0.08408373309486604
0.335,0.08408373309486604
0.335,0.08408373309486604
0.335,0.08156607937504377
0.334,0.08156607937504377
0.334,0.08156607937504377
0.333,0.08156607937504377
0.334,0.08156607937504377
0.336,0.08156607937504377
0.336,0.08156607937504377
0.334,0.08156607937504377
0.333,0.08408373309486604
0.335,0.08408373309486604
0.335,0.08408373309486604
0.334,0.08408373309486604
0.333,0.08408373309486604
0.333,0.08408373309486604
0.334,0.08408373309486604
0.334,0.08408373309486604
0.335,0.08408373309486604
0.334,0.08408373309486604
0.333,0.08408373309486604
0.334,0.08408373309486604
0.334,0.08408373309486604
0.334,0.08408373309486604
0.334,0.08408373309486604
0.335,0.08408373309486604
0.334,0.08408373309486604
0.334,0.08408373309486604
0.336,0.08408373309486604
0.336,0.08408373309486604
0.337,0.08408373309486604
0.339,0.08408373309486604
0.341,0.08408373309486604
0.339,0.08408373309486604
0.34,0.08408373309486604
0.339,0.08408373309486604
0.338,0.08408373309486604
0.338,0.08408373309486604
0.337,0.08668164605161506
0.339,0.08668164605161506
0.34,0.08668164605161506
0.341,0.08668164605161506
0.341,0.08668164605161506
0.341,0.08668164605161506
0.343,0.08668164605161506
0.341,0.08668164605161506
0.341,0.08668164605161506
0.341,0.08668164605161506
0.339,0.08668164605161506
0.339,0.08668164605161506
0.339,0.08668164605161506
0.337,0.08668164605161506
0.336,0.08668164605161506
0.338,0.08668164605161506
0.338,0.08668164605161506
0.336,0.08668164605161506
0.336,0.08668164605161506
0.336,0.08668164605161506
0.336,0.08668164605161506
0.336,0.08668164605161506
0.336,0.08668164605161506
0.336,0.08668164605161506
0.336,0.08668164605161506
0.336,0.08668164605161506
0.338,0.08668164605161506
0.339,0.08936423414480166
0.339,0.09213637647008151
0.338,0.09213637647008151
0.338,0.09213637647008151
0.338,0.09213637647008151
0.338,0.09213637647008151
0.338,0.09213637647008151
0.336,0.09213637647008151
0.336,0.09500349077344959
0.335,0.09500349077344959
0.337,0.09500349077344959
0.335,0.09500349077344959
0.336,0.09500349077344959
0.336,0.09500349077344959
0.336,0.09500349077344959
0.338,0.09500349077344959
0.338,0.09500349077344959
0.34,0.09500349077344959
0.34,0.09500349077344959
0.338,0.09500349077344959
0.338,0.09500349077344959
0.338,0.09500349077344959
0.338,0.09500349077344959
0.339,0.09500349077344959
0.339,0.09500349077344959
0.339,0.09500349077344959
0.339,0.09500349077344959
0.339,0.09500349077344959
0.337,0.09500349077344959
0.339,0.09500349077344959
0.341,0.09500349077344959
0.34,0.09500349077344959
0.342,0.09500349077344959
0.342,0.09500349077344959
0.34,0.09213637647008151
0.34,0.09213637647008151
0.34,0.08936423414480166
0.34,0.08936423414480166
0.338,0.08936423414480166
0.338,0.08936423414480166
0.339,0.08936423414480166
0.339,0.08936423414480166
0.339,0.08936423414480166
0.34,0.08936423414480166
0.341,0.08936423414480166
0.342,0.08936423414480166
0.342,0.08936423414480166
0.342,0.08936423414480166
0.343,0.08936423414480166
0.341,0.08936423414480166
0.341,0.08936423414480166
0.34,0.08936423414480166
0.34,0.08936423414480166
0.34,0.08936423414480166
0.338,0.08936423414480166
0.337,0.08936423414480166
0.337,0.08936423414480166
0.338,0.08936423414480166
0.338,0.08936423414480166
0.34,0.08936423414480166
0.341,0.08936423414480166
0.342,0.08936423414480166
0.342,0.08936423414480166
0.342,0.08936423414480166
0.342,0.08936423414480166
0.341,0.08936423414480166
0.343,0.08936423414480166
0.343,0.08936423414480166
0.345,0.08936423414480166
0.343,0.08936423414480166
0.343,0.08936423414480166
0.345,0.08936423414480166
0.343,0.08936423414480166
0.343,0.08936423414480166
0.345,0.08936423414480166
0.344,0.08936423414480166
0.344,0.08936423414480166
0.346,0.08936423414480166
0.346,0.08936423414480166
0.345,0.08936423414480166
0.343,0.08936423414480166
0.343,0.09213637647008151
0.345,0.09500349077344959
0.345,0.09500349077344959
0.345,0.09500349077344959
0.345,0.09500349077344959
0.345,0.09500349077344959
0.344,0.09500349077344959
0.344,0.09500349077344959
0.344,0.09500349077344959
0.342,0.09500349077344959
0.341,0.09500349077344959
0.34,0.09500349077344959
0.34,0.09500349077344959
0.34,0.09500349077344959
0.34,0.09500349077344959
0.34,0.09500349077344959
0.341,0.09500349077344959
0.34,0.09213637647008151
0.34,0.09213637647008151
0.341,0.09213637647008151
0.339,0.09213637647008151
0.34,0.09213637647008151
0.338,0.08936423414480166
0.337,0.08936423414480166
0.338,0.08936423414480166
0.336,0.08936423414480166
0.335,0.08936423414480166
0.335,0.08936423414480166
0.336,0.08668164605161506
0.334,0.08668164605161506
0.334,0.08668164605161506
0.334,0.08668164605161506
0.334,0.08668164605161506
0.334,0.08668164605161506
0.335,0.08936423414480166
0.335,0.08936423414480166
0.334,0.08936423414480166
0.333,0.08936423414480166
0.332,0.08936423414480166
0.33,0.08936423414480166
0.33,0.08936423414480166
0.331,0.08936423414480166
0.331,0.08936423414480166
0.331,0.08936423414480166
0.331,0.08936423414480166
0.333,0.08936423414480166
0.332,0.08936423414480166
0.332,0.08936423414480166
0.332,0.08936423414480166
0.332,0.08936423414480166
0.334,0.08936423414480166
0.335,0.08936423414480166
0.337,0.08936423414480166
0.337,0.08936423414480166
0.335,0.08936423414480166
0.334,0.08936423414480166
0.334,0.08936423414480166
0.336,0.08936423414480166
0.336,0.08936423414480166
0.338,0.08936423414480166
0.336,0.08936423414480166
0.337,0.08668164605161506
0.336,0.08668164605161506
0.336,0.08668164605161506
0.337,0.08668164605161506
0.336,0.08668164605161506
0.338,0.08668164605161506
0.339,0.08668164605161506
0.339,0.08668164605161506
0.338,0.08668164605161506
0.336,0.08668164605161506
0.336,0.08668164605161506
0.338,0.08668164605161506
0.338,0.08668164605161506
0.338,0.08668164605161506
0.339,0.08668164605161506
0.338,0.08668164605161506
0.34,0.08668164605161506
0.34,0.08668164605161506
0.34,0.08668164605161506
0.34,0.08668164605161506
0.34,0.08668164605161506
0.34,0.08668164605161506
0.339,0.08668164605161506
0.338,0.08408373309486604
0.338,0.08408373309486604
0.337,0.08408373309486604
0.336,0.08408373309486604
0.336,0.08408373309486604
0.335,0.08668164605161506
0.335,0.08936423414480166
0.337,0.08936423414480166
0.338,0.08936423414480166
0.337,0.08936423414480166
0.337,0.09213637647008151
0.337,0.09213637647008151
0.337,0.09213637647008151
0.335,0.09213637647008151
0.337,0.09213637647008151
0.339,0.09213637647008151
0.34,0.09213637647008151
0.342,0.09213637647008151
0.342,0.09213637647008151
0.342,0.09213637647008151
0.34,0.09213637647008151
0.338,0.09213637647008151
0.336,0.09213637647008151
0.335,0.09213637647008151
0.336,0.09213637647008151
0.336,0.09213637647008151
0.336,0.09213637647008151
0.336,0.09213637647008151
0.338,0.09213637647008151
0.34,0.09213637647008151
0.339,0.09213637647008151
0.34,0.09213637647008151
0.341,0.09213637647008151
0.341,0.09213637647008151
0.339,0.09213637647008151
0.339,0.09213637647008151
0.341,0.09213637647008151
0.341,0.09213637647008151
0.339,0.09213637647008151
0.339,0.09213637647008151
0.34,0.09213637647008151
0.338,0.09213637647008151
0.338,0.09500349077344959
0.337,0.09797162620119138
0.336,0.09797162620119138
0.334,0.09797162620119138
0.336,0.09797162620119138
0.335,0.09797162620119138
0.335,0.09797162620119138
0.334,0.09797162620119138
0.336,0.09797162620119138
0.336,0.09797162620119138
0.336,0.09797162620119138
0.336,0.09797162620119138
0.336,0.09797162620119138
0.336,0.09797162620119138
0.336,0.09797162620119138
0.336,0.09797162620119138
0.336,0.09797162620119138
0.336,0.09797162620119138
0.336,0.09797162620119138
0.336,0.09797162620119138
0.334,0.09797162620119138
0.335,0.09797162620119138
0.335,0.09797162620119138
0.333,0.09500349077344959
0.331,0.09500349077344959
0.331,0.09500349077344959
0.331,0.09500349077344959
0.331,0.09500349077344959
0.331,0.09500349077344959
0.329,0.09500349077344959
0.33,0.09213637647008151
0.332,0.09213637647008151
0.33,0.09213637647008151
0.332,0.09213637647008151
0.332,0.09213637647008151
0.331,0.09213637647008151
0.329,0.09213637647008151
0.329,0.09213637647008151
0.328,0.09213637647008151
0.327,0.09500349077344959
0.327,0.09500349077344959
0.327,0.09500349077344959
0.325,0.09500349077344959
0.325,0.09500349077344959
0.325,0.09500349077344959
0.325,0.09500349077344959
0.326,0.09500349077344959
0.326,0.09500349077344959
0.325,0.09500349077344959
0.325,0.09500349077344959
0.325,0.09500349077344959
0.323,0.09500349077344959
0.323,0.09500349077344959
0.323,0.09500349077344959
0.323,0.09500349077344959
0.323,0.09500349077344959
0.323,0.09500349077344959
0.322,0.09213637647008151
0.322,0.09500349077344959
0.322,0.09500349077344959
0.322,0.09500349077344959
0.322,0.09500349077344959
0.321,0.09500349077344959
0.323,0.09500349077344959
0.322,0.09500349077344959
0.322,0.09500349077344959
0.323,0.09500349077344959
0.323,0.09213637647008151
0.322,0.09213637647008151
0.322,0.09213637647008151
0.324,0.09213637647008151
0.326,0.09213637647008151
0.327,0.08936423414480166
0.325,0.08936423414480166
0.327,0.09213637647008151
0.326,0.09213637647008151
0.326,0.09213637647008151
0.327,0.09213637647008151
0.327,0.09213637647008151
0.327,0.09213637647008151
0.328,0.09213637647008151
0.327,0.09213637647008151
0.327,0.09213637647008151
0.327,0.09213637647008151
0.326,0.09213637647008151
0.326,0.09213637647008151
0.326,0.09213637647008151
0.324,0.09213637647008151
0.325,0.09213637647008151
0.325,0.09213637647008151
0.325,0.09213637647008151
0.325,0.09213637647008151
0.326,0.09213637647008151
0.326,0.09213637647008151
0.326,0.09213637647008151
0.324,0.08936423414480166
0.324,0.08936423414480166
0.324,0.08936423414480166
0.326,0.08936423414480166
0.326,0.08936423414480166
0.326,0.08936423414480166
0.326,0.08936423414480166
0.327,0.08936423414480166
0.327,0.08936423414480166
0.327,0.08936423414480166
0.327,0.08936423414480166
0.329,0.08936423414480166
0.33,0.08936423414480166
0.33,0.08936423414480166
0.33,0.08936423414480166
0.328,0.08936423414480166
0.328,0.08936423414480166
0.328,0.08936423414480166
0.329,0.08936423414480166
0.33,0.08936423414480166
0.33,0.08936423414480166
0.329,0.08936423414480166
0.329,0.08936423414480166
0.328,0.08936423414480166
0.327,0.09213637647008151
0.327,0.09213637647008151
0.327,0.09213637647008151
0.327,0.09213637647008151
0.329,0.09213637647008151
0.329,0.09213637647008151
0.327,0.08936423414480166
0.328,0.08936423414480166
0.329,0.08936423414480166
0.329,0.08936423414480166
0.328,0.08668164605161506
0.328,0.08668164605161506
0.328,0.08668164605161506
0.328,0.08408373309486604
0.327,0.08408373309486604
0.325,0.08408373309486604
0.325,0.08408373309486604
0.325,0.08408373309486604
0.325,0.08408373309486604
0.325,0.08408373309486604
0.327,0.08408373309486604
0.327,0.08408373309486604
0.327,0.08408373309486604
0.327,0.08408373309486604
0.327,0.08408373309486604
0.327,0.08408373309486604
0.326,0.08408373309486604
0.327,0.08408373309486604
0.328,0.08408373309486604
0.326,0.08408373309486604
0.326,0.08408373309486604
0.324,0.08156607937504377
0.324,0.08156607937504377
0.324,0.08156607937504377
0.324,0.08156607937504377
0.325,0.08156607937504377
0.326,0.08156607937504377
0.326,0.08408373309486604
0.324,0.08408373309486604
0.324,0.08408373309486604
0.323,0.08408373309486604
0.321,0.08408373309486604
0.319,0.08408373309486604
0.319,0.08668164605161506
0.319,0.08668164605161506
0.319,0.08668164605161506
0.319,0.08668164605161506
0.318,0.08668164605161506
0.317,0.08668164605161506
0.317,0.08668164605161506
0.316,0.08668164605161506
0.314,0.08408373309486604
0.314,0.08408373309486604
0.314,0.08408373309486604
0.313,0.08408373309486604
0.313,0.08408373309486604
0.313,0.08408373309486604
0.312,0.08156607937504377
0.312,0.08156607937504377
0.312,0.08156607937504377
0.314,0.08156607937504377
0.314,0.08156607937504377
0.314,0.08156607937504377
0.314,0.08156607937504377
0.314,0.08156607937504377
0.314,0.08156607937504377
0.314,0.08156607937504377
0.315,0.08156607937504377
0.314,0.08156607937504377
0.314,0.08156607937504377
0.314,0.08156607937504377
0.313,0.08156607937504377
0.313,0.08156607937504377
0.312,0.08156607937504377
0.312,0.08156607937504377
0.312,0.08156607937504377
0.313,0.08156607937504377
0.313,0.08156607937504377
0.313,0.08156607937504377
0.313,0.08408373309486604
0.313,0.08408373309486604
0.313,0.08408373309486604
0.313,0.08408373309486604
0.313,0.08408373309486604
0.313,0.08408373309486604
0.313,0.08156607937504377
0.313,0.08156607937504377
0.312,0.08156607937504377
0.312,0.08156607937504377
0.313,0.08156607937504377
0.315,0.08156607937504377
0.317,0.08156607937504377
0.318,0.08156607937504377
0.318,0.08156607937504377
0.317,0.079124670178035
0.317,0.079124670178035
0.317,0.079124670178035
0.316,0.079124670178035
0.318,0.079124670178035
0.318,0.079124670178035
0.318,0.079124670178035
0.319,0.079124670178035
0.319,0.07675584054149769
0.318,0.07445623223557242
0.318,0.07445623223557242
0.319,0.07445623223557242
0.319,0.07445623223557242
0.317,0.07445623223557242
0.316,0.07445623223557242
0.316,0.07445623223557242
0.317,0.07445623223557242
0.315,0.07445623223557242
0.316,0.07445623223557242
0.318,0.07445623223557242
0.318,0.07445623223557242
0.319,0.07445623223557242
0.317,0.07445623223557242
0.316,0.07445623223557242
0.316,0.07445623223557242
0.316,0.07445623223557242
0.317,0.07445623223557242
0.316,0.07445623223557242
0.317,0.07445623223557242
0.317,0.07445623223557242
0.319,0.07445623223557242
0.319,0.07445623223557242
0.317,0.07445623223557242
0.317,0.07445623223557242
0.317,0.07445623223557242
0.317,0.07445623223557242
0.317,0.07445623223557242
0.317,0.07445623223557242
0.317,0.07445623223557242
0.317,0.07222275750508209
0.317,0.07005256829532075
0.317,0.07005256829532075
0.317,0.07005256829532075
0.319,0.07005256829532075
0.318,0.07005256829532075
0.318,0.07005256829532075
0.318,0.07005256829532075
0.316,0.07005256829532075
0.316,0.07005256829532075
0.316,0.07005256829532075
0.317,0.07005256829532075
0.317,0.07005256829532075
0.317,0.07005256829532075
0.318,0.07005256829532075
0.318,0.07005256829532075
0.318,0.07005256829532075
0.316,0.07005256829532075
0.315,0.07005256829532075
0.316,0.07005256829532075
0.317,0.07005256829532075
0.317,0.07005256829532075
0.316,0.07005256829532075
0.318,0.07005256829532075
0.319,0.07005256829532075
0.318,0.07005256829532075
0.318,0.07005256829532075
0.318,0.07005256829532075
0.32,0.07005256829532075
0.32,0.07005256829532075
0.32,0.07005256829532075
0.32,0.07005256829532075
0.319,0.07005256829532075
0.321,0.07005256829532075
0.321,0.07005256829532075
0.321,0.07005256829532075
0.321,0.07005256829532075
0.321,0.07005256829532075
0.322,0.07005256829532075
0.322,0.07005256829532075
0.322,0.06794302996283541
0.322,0.06794302996283541
0.321,0.06794302996283541
0.321,0.06794302996283541
0.32,0.06794302996283541
0.32,0.06794302996283541
0.32,0.06794302996283541
0.32,0.06794302996283541
0.32,0.06589169868318023
0.32,0.06589169868318023
0.322,0.06589169868318023
0.322,0.06589169868318023
0.32,0.06589169868318023
0.32,0.06589169868318023
0.319,0.06389630192814565
0.319,0.06389630192814565
0.319,0.06389630192814565
0.318,0.06389630192814565
0.317,0.06389630192814565
0.316,0.06389630192814565
0.316,0.06389630192814565
0.316,0.06389630192814565
0.316,0.06389630192814565
0.316,0.06389630192814565
0.316,0.06389630192814565
0.317,0.06389630192814565
0.316,0.06389630192814565
0.318,0.06389630192814565
0.32,0.0619547215085816
0.319,0.0619547215085816
0.319,0.0619547215085816
0.317,0.0619547215085816
0.316,0.0619547215085816
0.316,0.0619547215085816
0.314,0.0619547215085816
0.315,0.0619547215085816
0.314,0.06389630192814565
0.314,0.06389630192814565
0.314,0.06589169868318023
0.314,0.06589169868318023
0.314,0.06589169868318023
0.314,0.06589169868318023
0.316,0.06589169868318023
0.317,0.06589169868318023
0.317,0.06589169868318023
0.317,0.06589169868318023
0.318,0.06589169868318023
0.317,0.06589169868318023
0.317,0.06589169868318023
0.316,0.06389630192814565
0.314,0.06389630192814565
0.314,0.06389630192814565
0.314,0.06389630192814565
0.316,0.06389630192814565
0.316,0.06389630192814565
0.316,0.06389630192814565
0.316,0.06389630192814565
0.316,0.06389630192814565
0.316,0.0619547215085816
0.315,0.0619547215085816
0.317,0.0619547215085816
0.315,0.0619547215085816
0.315,0.0619547215085816
0.314,0.0619547215085816
0.312,0.0619547215085816
0.312,0.0619547215085816
0.312,0.0619547215085816
0.312,0.0619547215085816
0.31,0.0619547215085816
0.311,0.0619547215085816
0.309,0.0619547215085816
0.309,0.0619547215085816
0.309,0.0619547215085816
0.309,0.0619547215085816
0.308,0.0619547215085816
0.308,0.0619547215085816
0.308,0.0619547215085816
0.31,0.0619547215085816
0.31,0.0619547215085816
0.309,0.0619547215085816
0.308,0.0619547215085816
0.309,0.0619547215085816
0.309,0.0619547215085816
0.309,0.0619547215085816
0.307,0.0619547215085816
0.309,0.0619547215085816
0.307,0.0619547215085816
0.307,0.0619547215085816
0.308,0.0619547215085816
0.307,0.0619547215085816
0.307,0.0619547215085816
0.307,0.0619547215085816
0.308,0.0619547215085816
0.308,0.0619547215085816
0.308,0.0619547215085816
0.31,0.0619547215085816
0.31,0.0619547215085816
0.312,0.0619547215085816
0.312,0.0619547215085816
0.312,0.0619547215085816
0.313,0.0619547215085816
0.313,0.0619547215085816
0.314,0.0619547215085816
0.314,0.0619547215085816
0.314,0.0619547215085816
0.315,0.06389630192814565
0.316,0.06389630192814565
0.316,0.06389630192814565
0.316,0.0619547215085816
0.315,0.0619547215085816
0.314,0.0619547215085816
0.315,0.06389630192814565
0.316,0.06389630192814565
0.316,0.06389630192814565
0.316,0.06389630192814565
0.317,0.06389630192814565
0.316,0.06389630192814565
0.315,0.06389630192814565
0.317,0.06389630192814565
0.316,0.06389630192814565
0.317,0.0619547215085816
0.318,0.0619547215085816
0.318,0.0619547215085816
0.32,0.0619547215085816
0.32,0.060064978775042605
0.321,0.060064978775042605
0.321,0.060064978775042605
0.321,0.060064978775042605
0.321,0.060064978775042605
0.321,0.060064978775042605
0.321,0.05822522164385459
0.32,0.05822522164385459
0.32,0.05822522164385459
0.319,0.056433713175817385
0.317,0.056433713175817385
0.317,0.056433713175817385
0.316,0.056433713175817385
0.317,0.056433713175817385
0.317,0.056433713175817385
0.317,0.056433713175817385
0.317,0.056433713175817385
0.315,0.056433713175817385
0.313,0.056433713175817385
0.314,0.056433713175817385
0.314,0.05822522164385459
0.313,0.05822522164385459
0.315,0.05822522164385459
0.316,0.05822522164385459
0.318,0.05822522164385459
0.317,0.05822522164385459
0.316,0.05822522164385459
0.317,0.05822522164385459
0.318,0.05822522164385459
0.318,0.05822522164385459
0.318,0.05822522164385459
0.316,0.05822522164385459
0.316,0.05822522164385459
0.317,0.05822522164385459
0.316,0.05822522164385459
0.316,0.05822522164385459
0.314,0.05822522164385459
0.315,0.056433713175817385
0.315,0.056433713175817385
0.317,0.056433713175817385
0.319,0.056433713175817385
0.319,0.056433713175817385
0.318,0.056433713175817385
0.317,0.05822522164385459
0.319,0.05822522164385459
0.319,0.05822522164385459
0.319,0.05822522164385459
0.321,0.05822522164385459
0.321,0.05822522164385459
0.322,0.05822522164385459
0.321,0.05822522164385459
0.32,0.056433713175817385
0.32,0.056433713175817385
0.319,0.056433713175817385
0.319,0.056433713175817385
0.319,0.056433713175817385
0.319,0.056433713175817385
0.318,0.056433713175817385
0.317,0.056433713175817385
0.315,0.056433713175817385
0.314,0.056433713175817385
0.314,0.056433713175817385
0.315,0.056433713175817385
0.317,0.056433713175817385
0.317,0.056433713175817385
0.318,0.056433713175817385
0.318,0.05468882148224451
0.316,0.05468882148224451
0.317,0.05468882148224451
0.316,0.05468882148224451
0.316,0.05468882148224451
0.315,0.05468882148224451
0.313,0.05468882148224451
0.313,0.05468882148224451
0.312,0.05468882148224451
0.313,0.05468882148224451
0.312,0.05468882148224451
0.312,0.05468882148224451
0.312,0.05468882148224451
0.311,0.05468882148224451
0.311,0.05468882148224451
0.311,0.05468882148224451
0.311,0.05468882148224451
0.311,0.05468882148224451
0.311,0.05468882148224451
0.312,0.05468882148224451
0.312,0.05468882148224451
0.311,0.05468882148224451
0.313,0.05468882148224451
0.312,0.05468882148224451
0.313,0.05468882148224451
0.313,0.05468882148224451
0.313,0.05468882148224451
0.311,0.05468882148224451
0.311,0.05468882148224451
0.311,0.05468882148224451
0.311,0.05298901077116356
0.313,0.05298901077116356
0.312,0.05298901077116356
0.312,0.05298901077116356
0.312,0.05298901077116356
0.312,0.05298901077116356
0.312,0.05298901077116356
0.312,0.05298901077116356
0.311,0.051332833377304495
0.311,0.051332833377304495
0.311,0.051332833377304495
0.31,0.051332833377304495
0.31,0.05298901077116356
0.31,0.05298901077116356
0.312,0.05298901077116356
0.312,0.05298901077116356
0.312,0.05298901077116356
0.312,0.05298901077116356
0.314,0.05298901077116356
0.314,0.05468882148224451
0.313,0.05468882148224451
0.313,0.05468882148224451
0.313,0.05468882148224451
0.315,0.05468882148224451
0.317,0.05468882148224451
0.317,0.05468882148224451
0.318,0.05468882148224451
0.318,0.05468882148224451
0.319,0.05468882148224451
0.32,0.05468882148224451
0.322,0.05468882148224451
0.323,0.05468882148224451
0.323,0.05298901077116356
0.322,0.05298901077116356
0.322,0.05298901077116356
0.322,0.05298901077116356
0.323,0.05298901077116356
0.323,0.05298901077116356
0.325,0.05298901077116356
0.325,0.05298901077116356
0.325,0.05298901077116356
0.325,0.05298901077116356
0.325,0.05298901077116356
0.325,0.05298901077116356
0.324,0.05298901077116356
0.324,0.05298901077116356
0.323,0.05468882148224451
0.323,0.05468882148224451
0.324,0.05298901077116356
0.324,0.05298901077116356
0.326,0.05298901077116356
0.326,0.05298901077116356
0.325,0.051332833377304495
0.325,0.051332833377304495
0.323,0.051332833377304495
0.323,0.051332833377304495
0.323,0.05298901077116356
0.322,0.051332833377304495
0.322,0.051332833377304495
0.32,0.051332833377304495
